ID,date_time,latitude,longitude,b,t
1002-2012,5/11/2012 7:33,52.9237174,5.4307727,1,5/11/2012 7:33
1002-2012,5/11/2012 7:48,52.9236905,5.4307832,1,5/11/2012 7:48
1002-2012,5/11/2012 8:03,52.9236983,5.430779,1,5/11/2012 8:03
1002-2012,5/11/2012 8:18,52.9203792,5.4349416,1,5/11/2012 8:18
1002-2012,5/11/2012 8:33,52.9201593,5.4341411,1,5/11/2012 8:33
1002-2012,5/11/2012 8:48,52.9201391,5.4342359,1,5/11/2012 8:48
1002-2012,5/11/2012 9:03,52.9205158,5.4350871,1,5/11/2012 9:03
1002-2012,5/11/2012 9:18,52.9249827,5.444041,1,5/11/2012 9:18
1002-2012,5/11/2012 9:33,52.9264041,5.4401687,1,5/11/2012 9:33
1002-2012,5/11/2012 9:48,52.9288476,5.4384775,1,5/11/2012 9:48
1002-2012,5/11/2012 10:04,52.9284083,5.4387211,1,5/11/2012 10:04
1002-2012,5/11/2012 10:19,52.9263721,5.4401576,1,5/11/2012 10:19
1002-2012,5/11/2012 10:35,52.9264164,5.4401729,1,5/11/2012 10:35
1002-2012,5/11/2012 10:50,52.9303138,5.4371413,1,5/11/2012 10:50
1002-2012,5/11/2012 11:06,52.9299711,5.4371605,1,5/11/2012 11:06
1002-2012,5/11/2012 11:20,52.9302336,5.4369157,1,5/11/2012 11:20
1002-2012,5/11/2012 11:35,52.9302501,5.4369817,1,5/11/2012 11:35
1002-2012,5/11/2012 11:50,52.9302437,5.4368728,1,5/11/2012 11:50
1002-2012,5/11/2012 12:05,52.9308072,5.4397862,1,5/11/2012 12:05
1002-2012,5/11/2012 12:20,52.9301689,5.4366581,1,5/11/2012 12:20
1002-2012,5/11/2012 12:35,52.9302414,5.4368845,1,5/11/2012 12:35
1002-2012,5/11/2012 12:50,52.9301481,5.4372664,1,5/11/2012 12:50
1002-2012,5/11/2012 13:06,52.9300354,5.4369129,1,5/11/2012 13:06
1002-2012,5/11/2012 13:21,52.9300227,5.4369154,1,5/11/2012 13:21
1002-2012,5/11/2012 13:36,52.9300506,5.4369154,1,5/11/2012 13:36
1002-2012,5/11/2012 13:51,52.9300562,5.4369272,1,5/11/2012 13:51
1002-2012,5/11/2012 14:06,52.9300425,5.4369207,1,5/11/2012 14:06
1002-2012,5/11/2012 14:21,52.9300413,5.4369486,1,5/11/2012 14:21
1002-2012,5/11/2012 14:36,52.9300533,5.4369626,1,5/11/2012 14:36
1002-2012,5/11/2012 14:51,52.9301012,5.4368805,1,5/11/2012 14:51
1002-2012,5/11/2012 15:06,52.9300668,5.436923,1,5/11/2012 15:06
1002-2012,5/11/2012 15:21,52.930032,5.4370198,1,5/11/2012 15:21
1002-2012,5/11/2012 15:36,52.9303236,5.4372811,1,5/11/2012 15:36
1002-2012,5/11/2012 15:51,52.9302787,5.4371466,1,5/11/2012 15:51
1002-2012,5/11/2012 16:07,52.9302661,5.4371695,1,5/11/2012 16:07
1002-2012,5/11/2012 16:22,52.9300997,5.4368649,1,5/11/2012 16:22
1002-2012,5/11/2012 16:37,52.9301141,5.4369122,1,5/11/2012 16:37
1002-2012,5/11/2012 16:52,52.9301088,5.4369524,1,5/11/2012 16:52
1002-2012,5/11/2012 17:07,52.9301224,5.4369598,1,5/11/2012 17:07
1002-2012,5/11/2012 17:23,52.9302003,5.437397,1,5/11/2012 17:23
1002-2012,5/11/2012 17:39,52.930273,5.4370322,1,5/11/2012 17:39
1002-2012,5/11/2012 17:54,52.9301497,5.4369923,1,5/11/2012 17:54
1002-2012,5/11/2012 18:24,52.9300735,5.436976,1,5/11/2012 18:24
1002-2012,5/11/2012 18:54,52.9300828,5.4369353,1,5/11/2012 18:54
1002-2012,5/11/2012 19:24,52.9300775,5.4369401,1,5/11/2012 19:24
1002-2012,5/11/2012 19:55,52.9300751,5.4369445,1,5/11/2012 19:55
1002-2012,5/11/2012 20:25,52.9301022,5.4369671,1,5/11/2012 20:25
1002-2012,5/11/2012 20:55,52.9300686,5.4369429,1,5/11/2012 20:55
1002-2012,5/11/2012 21:25,52.9300415,5.4369445,1,5/11/2012 21:25
1002-2012,5/11/2012 21:55,52.9300316,5.4369381,1,5/11/2012 21:55
1002-2012,5/11/2012 22:25,52.9300293,5.4369392,1,5/11/2012 22:25
1002-2012,5/11/2012 22:55,52.9300917,5.4369473,1,5/11/2012 22:55
1002-2012,5/11/2012 23:25,52.9300682,5.4369476,1,5/11/2012 23:25
1002-2012,5/11/2012 23:55,52.9300837,5.436943,1,5/11/2012 23:55
1002-2012,5/12/2012 0:26,52.9301241,5.4369286,1,5/12/2012 0:26
1002-2012,5/12/2012 0:55,52.9300508,5.4369235,1,5/12/2012 0:55
1002-2012,5/12/2012 1:26,52.930069,5.4368898,1,5/12/2012 1:26
1002-2012,5/12/2012 1:56,52.9300653,5.4369314,1,5/12/2012 1:56
1002-2012,5/12/2012 2:25,52.9300655,5.4369438,1,5/12/2012 2:25
1002-2012,5/12/2012 2:56,52.9300799,5.4369332,1,5/12/2012 2:56
1002-2012,5/12/2012 3:26,52.930068,5.4369267,1,5/12/2012 3:26
1002-2012,5/12/2012 3:57,52.9300551,5.4369378,1,5/12/2012 3:57
1002-2012,5/12/2012 4:27,52.9301215,5.4368703,1,5/12/2012 4:27
1002-2012,5/12/2012 4:57,52.9300552,5.4369141,1,5/12/2012 4:57
1002-2012,5/12/2012 5:13,52.9302107,5.4369188,1,5/12/2012 5:13
1002-2012,5/12/2012 5:28,52.9301361,5.4371031,1,5/12/2012 5:28
1002-2012,5/12/2012 5:43,52.9301243,5.4370328,1,5/12/2012 5:43
1002-2012,5/12/2012 5:58,52.9301302,5.4368845,1,5/12/2012 5:58
1002-2012,5/12/2012 6:13,52.9300903,5.4369277,1,5/12/2012 6:13
1002-2012,5/12/2012 6:28,52.9300653,5.4368752,1,5/12/2012 6:28
1002-2012,5/12/2012 6:43,52.9301902,5.4368749,1,5/12/2012 6:43
1002-2012,5/12/2012 6:58,52.9301583,5.4370045,1,5/12/2012 6:58
1002-2012,5/12/2012 7:09,52.9299174,5.4370639,1,5/12/2012 7:09
1002-2012,5/12/2012 7:19,52.929867,5.4370279,1,5/12/2012 7:19
1002-2012,5/12/2012 7:34,52.9300572,5.4371022,1,5/12/2012 7:34
1002-2012,5/12/2012 7:49,52.9301253,5.4369413,1,5/12/2012 7:49
1002-2012,5/12/2012 8:04,52.9301164,5.4369742,1,5/12/2012 8:04
1002-2012,5/12/2012 8:19,52.9300616,5.4374106,1,5/12/2012 8:19
1002-2012,5/12/2012 8:35,52.9300272,5.4371386,1,5/12/2012 8:35
1002-2012,5/12/2012 8:50,52.930131,5.4371161,1,5/12/2012 8:50
1002-2012,5/12/2012 9:05,52.9302311,5.4370968,1,5/12/2012 9:05
1002-2012,5/12/2012 9:21,52.9301314,5.4372829,1,5/12/2012 9:21
1002-2012,5/12/2012 9:36,52.9301631,5.4371333,1,5/12/2012 9:36
1002-2012,5/12/2012 9:53,52.9301515,5.4369871,1,5/12/2012 9:53
1002-2012,5/12/2012 10:08,52.9301623,5.4370725,1,5/12/2012 10:08
1002-2012,5/12/2012 10:28,52.9301676,5.4370615,1,5/12/2012 10:28
1002-2012,5/12/2012 10:49,52.9303124,5.4372545,1,5/12/2012 10:49
1002-2012,5/12/2012 11:09,52.930164,5.4369446,1,5/12/2012 11:09
1002-2012,5/12/2012 11:29,52.9300936,5.4368287,1,5/12/2012 11:29
1002-2012,5/12/2012 11:49,52.9300784,5.4369408,1,5/12/2012 11:49
1002-2012,5/12/2012 12:09,52.9301103,5.4370069,1,5/12/2012 12:09
1002-2012,5/12/2012 12:29,52.9302744,5.4370693,1,5/12/2012 12:29
1002-2012,5/12/2012 12:49,52.9301742,5.4372792,1,5/12/2012 12:49
1002-2012,5/12/2012 13:02,52.9301718,5.4368927,1,5/12/2012 13:02
1002-2012,5/12/2012 13:12,52.9302061,5.4368269,1,5/12/2012 13:12
1002-2012,5/12/2012 13:32,52.9300284,5.436972,1,5/12/2012 13:32
1002-2012,5/12/2012 13:52,52.9300801,5.436905,1,5/12/2012 13:52
1002-2012,5/12/2012 14:13,52.9301038,5.4369639,1,5/12/2012 14:13
1002-2012,5/12/2012 14:33,52.9300947,5.4369456,1,5/12/2012 14:33
1002-2012,5/12/2012 14:43,52.9300811,5.436931,1,5/12/2012 14:43
1002-2012,5/12/2012 14:53,52.9300982,5.4369939,1,5/12/2012 14:53
1002-2012,5/12/2012 15:03,52.9301098,5.4369678,1,5/12/2012 15:03
1002-2012,5/12/2012 15:13,52.9300947,5.4369545,-1,5/12/2012 15:13
1002-2012,5/12/2012 15:23,52.9300917,5.4369513,-1,5/12/2012 15:23
1002-2012,5/12/2012 15:33,52.9300799,5.4369467,-1,5/12/2012 15:33
1002-2012,5/12/2012 15:43,52.9300929,5.4369597,-1,5/12/2012 15:43
1002-2012,5/12/2012 15:53,52.9302032,5.4369514,-1,5/12/2012 15:53
1002-2012,5/12/2012 16:09,52.9301732,5.4370465,-1,5/12/2012 16:09
1002-2012,5/12/2012 16:29,52.9302204,5.4370569,-1,5/12/2012 16:29
1002-2012,5/12/2012 16:50,52.9301463,5.4369814,-1,5/12/2012 16:50
1002-2012,5/12/2012 17:10,52.9298196,5.436968,-1,5/12/2012 17:10
1002-2012,5/12/2012 17:30,52.9302258,5.436954,-1,5/12/2012 17:30
1002-2012,5/12/2012 17:50,52.9301297,5.4369087,-1,5/12/2012 17:50
1002-2012,5/12/2012 18:11,52.9300631,5.4369618,-1,5/12/2012 18:11
1002-2012,5/12/2012 18:31,52.9300711,5.4369655,-1,5/12/2012 18:31
1002-2012,5/12/2012 18:51,52.9300803,5.4369715,-1,5/12/2012 18:51
1002-2012,5/12/2012 19:21,52.9300656,5.4369304,-1,5/12/2012 19:21
1002-2012,5/12/2012 19:51,52.9300762,5.4369481,-1,5/12/2012 19:51
1002-2012,5/12/2012 20:21,52.9300932,5.436928,-1,5/12/2012 20:21
1002-2012,5/12/2012 20:51,52.9300821,5.4369552,-1,5/12/2012 20:51
1002-2012,5/12/2012 21:21,52.9300635,5.4369715,-1,5/12/2012 21:21
1002-2012,5/12/2012 21:51,52.930074,5.4369314,-1,5/12/2012 21:51
1002-2012,5/12/2012 22:21,52.9300641,5.4369217,-1,5/12/2012 22:21
1002-2012,5/12/2012 22:51,52.9300586,5.4369522,-1,5/12/2012 22:51
1002-2012,5/12/2012 23:21,52.9301085,5.4369196,-1,5/12/2012 23:21
1002-2012,5/12/2012 23:51,52.9300487,5.4369618,-1,5/12/2012 23:51
1002-2012,5/13/2012 0:21,52.930068,5.4369404,-1,5/13/2012 0:21
1002-2012,5/13/2012 0:51,52.930093,5.436972,-1,5/13/2012 0:51
1002-2012,5/13/2012 1:21,52.9300833,5.4369819,-1,5/13/2012 1:21
1002-2012,5/13/2012 1:51,52.9300784,5.4369854,-1,5/13/2012 1:51
1002-2012,5/13/2012 2:22,52.9300555,5.4369812,-1,5/13/2012 2:22
1002-2012,5/13/2012 2:52,52.9301062,5.4368884,-1,5/13/2012 2:52
1002-2012,5/13/2012 3:22,52.9300793,5.4369454,-1,5/13/2012 3:22
1002-2012,5/13/2012 3:53,52.9300674,5.4369469,-1,5/13/2012 3:53
1002-2012,5/13/2012 4:23,52.9303029,5.4371554,-1,5/13/2012 4:23
1002-2012,5/13/2012 4:53,52.9301394,5.4368019,-1,5/13/2012 4:53
1002-2012,5/13/2012 5:23,52.9301039,5.4368702,-1,5/13/2012 5:23
1002-2012,5/13/2012 5:53,52.9301782,5.4368106,-1,5/13/2012 5:53
1002-2012,5/13/2012 6:40,52.9302256,5.4370891,-1,5/13/2012 6:40
1002-2012,5/13/2012 7:01,52.9302165,5.4369755,-1,5/13/2012 7:01
1002-2012,5/13/2012 7:16,52.9301306,5.4369752,-1,5/13/2012 7:16
1002-2012,5/13/2012 7:31,52.9300871,5.4369069,-1,5/13/2012 7:31
1002-2012,5/13/2012 7:46,52.9300716,5.436933,-1,5/13/2012 7:46
1002-2012,5/13/2012 8:01,52.930034,5.4369388,-1,5/13/2012 8:01
1002-2012,5/13/2012 8:16,52.9301589,5.4369305,-1,5/13/2012 8:16
1002-2012,5/13/2012 8:31,52.9299623,5.4369695,-1,5/13/2012 8:31
1002-2012,5/13/2012 8:46,52.9300556,5.4370006,-1,5/13/2012 8:46
1002-2012,5/13/2012 9:01,52.9300688,5.4368412,-1,5/13/2012 9:01
1002-2012,5/13/2012 9:16,52.9301156,5.4369054,-1,5/13/2012 9:16
1002-2012,5/13/2012 9:31,52.9300627,5.4368415,-1,5/13/2012 9:31
1002-2012,5/13/2012 9:46,52.9300463,5.4368773,-1,5/13/2012 9:46
1002-2012,5/13/2012 10:01,52.9301112,5.4369865,-1,5/13/2012 10:01
1002-2012,5/13/2012 10:17,52.9300356,5.4369101,-1,5/13/2012 10:17
1002-2012,5/13/2012 10:31,52.9301639,5.4376554,-1,5/13/2012 10:31
1002-2012,5/13/2012 10:47,52.9302938,5.4374366,-1,5/13/2012 10:47
1002-2012,5/13/2012 11:01,52.9301368,5.4369051,-1,5/13/2012 11:01
1002-2012,5/13/2012 11:16,52.9301471,5.4369035,-1,5/13/2012 11:16
1002-2012,5/13/2012 11:32,52.9302372,5.4372244,-1,5/13/2012 11:32
1002-2012,5/13/2012 11:47,52.9300509,5.4368638,-1,5/13/2012 11:47
1002-2012,5/13/2012 12:02,52.9296637,5.4367567,-1,5/13/2012 12:02
1002-2012,5/13/2012 12:17,52.9300751,5.4370789,-1,5/13/2012 12:17
1002-2012,5/13/2012 12:33,52.9300656,5.4368891,-1,5/13/2012 12:33
1002-2012,5/13/2012 12:48,52.930103,5.4369516,-1,5/13/2012 12:48
1002-2012,5/13/2012 13:03,52.9300813,5.436956,-1,5/13/2012 13:03
1002-2012,5/13/2012 13:17,52.9300734,5.437005,-1,5/13/2012 13:17
1002-2012,5/13/2012 13:32,52.9301172,5.4370056,-1,5/13/2012 13:32
1002-2012,5/13/2012 13:47,52.930013,5.4369868,-1,5/13/2012 13:47
1002-2012,5/13/2012 14:03,52.9300162,5.4370485,-1,5/13/2012 14:03
1002-2012,5/13/2012 14:18,52.9300029,5.4368914,-1,5/13/2012 14:18
1002-2012,5/13/2012 14:33,52.9302002,5.4372702,-1,5/13/2012 14:33
1002-2012,5/13/2012 14:48,52.9301529,5.4370476,-1,5/13/2012 14:48
1002-2012,5/13/2012 15:03,52.930039,5.4370759,-1,5/13/2012 15:03
1002-2012,5/13/2012 15:18,52.9305458,5.4356293,-1,5/13/2012 15:18
1002-2012,5/13/2012 15:28,52.9300156,5.4370963,-1,5/13/2012 15:28
1002-2012,5/13/2012 15:43,52.9302108,5.4369352,-1,5/13/2012 15:43
1002-2012,5/13/2012 15:58,52.9302542,5.4367894,-1,5/13/2012 15:58
1002-2012,5/13/2012 16:16,52.929975,5.4371497,-1,5/13/2012 16:16
1002-2012,5/13/2012 16:31,52.9300134,5.4372596,-1,5/13/2012 16:31
1002-2012,5/13/2012 16:47,52.9301259,5.4373506,-1,5/13/2012 16:47
1002-2012,5/13/2012 17:02,52.9300653,5.4374752,-1,5/13/2012 17:02
1002-2012,5/13/2012 17:17,52.9301628,5.4372803,-1,5/13/2012 17:17
1002-2012,5/13/2012 17:32,52.9300609,5.4373105,-1,5/13/2012 17:32
1002-2012,5/13/2012 17:47,52.9302406,5.4369719,-1,5/13/2012 17:47
1002-2012,5/13/2012 18:02,52.9305096,5.4386578,-1,5/13/2012 18:02
1002-2012,5/13/2012 18:12,52.9300332,5.4372738,-1,5/13/2012 18:12
1002-2012,5/13/2012 18:27,52.9299818,5.4372467,-1,5/13/2012 18:27
1002-2012,5/13/2012 18:42,52.9300156,5.4371449,-1,5/13/2012 18:42
1002-2012,5/13/2012 18:57,52.9299468,5.4370352,-1,5/13/2012 18:57
1002-2012,5/13/2012 19:27,52.9299764,5.4370347,-1,5/13/2012 19:27
1002-2012,5/13/2012 19:57,52.9300102,5.4370239,-1,5/13/2012 19:57
1002-2012,5/13/2012 20:29,52.9299389,5.4370203,-1,5/13/2012 20:29
1002-2012,5/13/2012 20:59,52.9299485,5.4370075,-1,5/13/2012 20:59
1002-2012,5/13/2012 21:29,52.9300297,5.4371034,-1,5/13/2012 21:29
1002-2012,5/13/2012 22:02,52.9300514,5.4370522,-1,5/13/2012 22:02
1002-2012,5/13/2012 22:32,52.9299768,5.4370421,-1,5/13/2012 22:32
1002-2012,5/13/2012 23:01,52.9299676,5.4370327,-1,5/13/2012 23:01
1002-2012,5/13/2012 23:33,52.9299842,5.4370145,-1,5/13/2012 23:33
1002-2012,5/14/2012 0:03,52.9299795,5.4370386,-1,5/14/2012 0:03
1002-2012,5/14/2012 0:33,52.9299769,5.4370152,-1,5/14/2012 0:33
1002-2012,5/14/2012 1:03,52.9299619,5.4370457,-1,5/14/2012 1:03
1002-2012,5/14/2012 1:33,52.9299456,5.437138,-1,5/14/2012 1:33
1002-2012,5/14/2012 2:03,52.9299751,5.4370327,-1,5/14/2012 2:03
1002-2012,5/14/2012 2:36,52.9299634,5.4369958,-1,5/14/2012 2:36
1002-2012,5/14/2012 3:06,52.929974,5.4370165,-1,5/14/2012 3:06
1002-2012,5/14/2012 3:36,52.9299996,5.4370656,-1,5/14/2012 3:36
1002-2012,5/14/2012 4:05,52.9300536,5.4368541,-1,5/14/2012 4:05
1002-2012,5/14/2012 4:36,52.9299747,5.4371812,-1,5/14/2012 4:36
1002-2012,5/14/2012 5:06,52.9299502,5.4371006,-1,5/14/2012 5:06
1002-2012,5/14/2012 5:36,52.9300072,5.4371233,-1,5/14/2012 5:36
1002-2012,5/14/2012 6:07,52.9302866,5.4370752,-1,5/14/2012 6:07
1002-2012,5/14/2012 6:37,52.9302856,5.4372335,-1,5/14/2012 6:37
1002-2012,5/14/2012 7:01,52.9301598,5.4372241,-1,5/14/2012 7:01
1002-2012,5/14/2012 7:16,52.930269,5.437222,-1,5/14/2012 7:16
1002-2012,5/14/2012 7:31,52.9304474,5.4371016,-1,5/14/2012 7:31
1002-2012,5/14/2012 7:46,52.9302086,5.4369943,-1,5/14/2012 7:46
1002-2012,5/14/2012 8:04,52.9304759,5.4371876,-1,5/14/2012 8:04
1002-2012,5/14/2012 8:19,52.9303307,5.4371231,-1,5/14/2012 8:19
1002-2012,5/14/2012 8:34,52.9303221,5.437275,-1,5/14/2012 8:34
1002-2012,5/14/2012 8:49,52.9303284,5.4373891,-1,5/14/2012 8:49
1002-2012,5/14/2012 9:05,52.9300806,5.4373764,-1,5/14/2012 9:05
1002-2012,5/14/2012 9:20,52.9306091,5.4370686,-1,5/14/2012 9:20
1002-2012,5/14/2012 9:35,52.9304747,5.4370308,-1,5/14/2012 9:35
1002-2012,5/14/2012 9:50,52.9303897,5.4371524,-1,5/14/2012 9:50
1002-2012,5/14/2012 10:06,52.9303729,5.43709,-1,5/14/2012 10:06
1002-2012,5/14/2012 10:22,52.9302035,5.4371992,-1,5/14/2012 10:22
1002-2012,5/14/2012 10:37,52.9300733,5.4373906,-1,5/14/2012 10:37
1002-2012,5/14/2012 10:52,52.9299964,5.4373772,-1,5/14/2012 10:52
1002-2012,5/14/2012 11:08,52.9300896,5.4371907,-1,5/14/2012 11:08
1002-2012,5/14/2012 11:22,52.9301923,5.4370643,-1,5/14/2012 11:22
1002-2012,5/14/2012 11:38,52.930113,5.4370422,-1,5/14/2012 11:38
1002-2012,5/14/2012 11:53,52.9301626,5.4373074,-1,5/14/2012 11:53
1002-2012,5/14/2012 12:08,52.9299518,5.4373359,-1,5/14/2012 12:08
1002-2012,5/14/2012 12:24,52.930134,5.437413,-1,5/14/2012 12:24
1002-2012,5/14/2012 12:39,52.9299925,5.4372147,-1,5/14/2012 12:39
1002-2012,5/14/2012 12:54,52.9298067,5.4369213,-1,5/14/2012 12:54
1002-2012,5/14/2012 13:09,52.9299632,5.4369255,-1,5/14/2012 13:09
1002-2012,5/14/2012 13:24,52.9300219,5.4367052,-1,5/14/2012 13:24
1002-2012,5/14/2012 13:39,52.9299957,5.4366711,-1,5/14/2012 13:39
1002-2012,5/14/2012 13:54,52.9300349,5.4368972,-1,5/14/2012 13:54
1002-2012,5/14/2012 14:09,52.9299404,5.437076,-1,5/14/2012 14:09
1002-2012,5/14/2012 14:24,52.9298831,5.4372735,-1,5/14/2012 14:24
1002-2012,5/14/2012 14:39,52.929912,5.4371931,-1,5/14/2012 14:39
1002-2012,5/14/2012 14:55,52.9300739,5.4370622,-1,5/14/2012 14:55
1002-2012,5/14/2012 15:10,52.9302322,5.4371188,-1,5/14/2012 15:10
1002-2012,5/14/2012 15:26,52.9303228,5.4371319,-1,5/14/2012 15:26
1002-2012,5/14/2012 15:41,52.9302198,5.4369377,-1,5/14/2012 15:41
1002-2012,5/14/2012 15:56,52.930189,5.437058,-1,5/14/2012 15:56
1002-2012,5/14/2012 16:11,52.9301327,5.4372378,-1,5/14/2012 16:11
1002-2012,5/14/2012 16:26,52.9300381,5.4368958,-1,5/14/2012 16:26
1002-2012,5/14/2012 16:41,52.9300254,5.4373686,-1,5/14/2012 16:41
1002-2012,5/14/2012 16:57,52.9303128,5.4372837,-1,5/14/2012 16:57
1002-2012,5/14/2012 17:12,52.9300008,5.4375149,-1,5/14/2012 17:12
1002-2012,5/14/2012 17:27,52.9299091,5.4373065,-1,5/14/2012 17:27
1002-2012,5/14/2012 17:42,52.9298509,5.4373365,-1,5/14/2012 17:42
1002-2012,5/14/2012 17:57,52.930069,5.4373834,-1,5/14/2012 17:57
1002-2012,5/14/2012 18:12,52.930287,5.4372016,-1,5/14/2012 18:12
1002-2012,5/14/2012 18:28,52.9299995,5.4375377,-1,5/14/2012 18:28
1002-2012,5/14/2012 18:43,52.9298192,5.4371005,-1,5/14/2012 18:43
1002-2012,5/14/2012 18:58,52.9303431,5.4371378,-1,5/14/2012 18:58
1002-2012,5/14/2012 19:28,52.9302712,5.4369932,-1,5/14/2012 19:28
1002-2012,5/14/2012 19:58,52.9313492,5.4392593,2,5/14/2012 19:58
1002-2012,5/14/2012 20:13,52.9300578,5.4371478,2,5/14/2012 20:13
1002-2012,5/14/2012 20:46,52.9300529,5.4371472,2,5/14/2012 20:46
1002-2012,5/14/2012 21:15,52.9300459,5.4371632,2,5/14/2012 21:15
1002-2012,5/14/2012 21:45,52.931295,5.4392066,2,5/14/2012 21:45
1002-2012,5/14/2012 22:01,52.9313451,5.4392855,2,5/14/2012 22:01
1002-2012,5/14/2012 22:16,52.9312518,5.4391294,2,5/14/2012 22:16
1002-2012,5/14/2012 22:31,52.9309399,5.439437,2,5/14/2012 22:31
1002-2012,5/14/2012 22:46,52.9309171,5.4394668,2,5/14/2012 22:46
1002-2012,5/14/2012 23:01,52.9310045,5.4393451,2,5/14/2012 23:01
1002-2012,5/14/2012 23:16,52.9309835,5.4393204,2,5/14/2012 23:16
1002-2012,5/14/2012 23:31,52.9311109,5.4393124,2,5/14/2012 23:31
1002-2012,5/14/2012 23:46,52.9310415,5.4392755,2,5/14/2012 23:46
1002-2012,5/15/2012 0:01,52.9310469,5.4392908,2,5/15/2012 0:01
1002-2012,5/15/2012 0:31,52.9310172,5.4393207,2,5/15/2012 0:31
1002-2012,5/15/2012 0:46,52.9309988,5.4393175,2,5/15/2012 0:46
1002-2012,5/15/2012 1:01,52.9310399,5.4393043,2,5/15/2012 1:01
1002-2012,5/15/2012 1:16,52.9309942,5.439394,2,5/15/2012 1:16
1002-2012,5/15/2012 1:31,52.9309911,5.4392565,2,5/15/2012 1:31
1002-2012,5/15/2012 1:46,52.9310039,5.4392769,2,5/15/2012 1:46
1002-2012,5/15/2012 2:01,52.9310025,5.4391983,2,5/15/2012 2:01
1002-2012,5/15/2012 2:16,52.9309954,5.4392574,2,5/15/2012 2:16
1002-2012,5/15/2012 2:31,52.9307763,5.4381696,-1,5/15/2012 2:31
1002-2012,5/15/2012 2:46,52.9323411,5.4337088,-1,5/15/2012 2:46
1002-2012,5/15/2012 12:07,52.9299643,5.4372203,-1,5/15/2012 12:07
1002-2012,5/15/2012 12:27,52.9301118,5.4370059,-1,5/15/2012 12:27
1002-2012,5/15/2012 12:47,52.9299065,5.4371196,-1,5/15/2012 12:47
1002-2012,5/15/2012 13:07,52.9301545,5.4369613,-1,5/15/2012 13:07
1002-2012,5/15/2012 13:28,52.9300666,5.4368973,-1,5/15/2012 13:28
1002-2012,5/15/2012 13:48,52.9299593,5.4367559,-1,5/15/2012 13:48
1002-2012,5/15/2012 14:08,52.9299532,5.4365273,-1,5/15/2012 14:08
1002-2012,5/15/2012 14:28,52.9301222,5.4364627,-1,5/15/2012 14:28
1002-2012,5/15/2012 14:48,52.9302535,5.4365381,-1,5/15/2012 14:48
1002-2012,5/15/2012 15:08,52.9299485,5.4365461,-1,5/15/2012 15:08
1002-2012,5/16/2012 10:08,52.9299919,5.4365935,-1,5/16/2012 10:08
1002-2012,5/16/2012 10:28,52.9299238,5.4361613,-1,5/16/2012 10:28
1002-2012,5/16/2012 10:48,52.9298951,5.4359426,-1,5/16/2012 10:48
1002-2012,5/16/2012 11:09,52.9298842,5.4359224,-1,5/16/2012 11:09
1002-2012,5/16/2012 11:28,52.9298307,5.4362157,-1,5/16/2012 11:28
1002-2012,5/16/2012 11:48,52.9298,5.4361514,-1,5/16/2012 11:48
1002-2012,5/16/2012 12:08,52.9298871,5.4363649,-1,5/16/2012 12:08
1002-2012,5/16/2012 12:29,52.9296903,5.4363647,-1,5/16/2012 12:29
1002-2012,5/16/2012 12:49,52.9300741,5.4361147,-1,5/16/2012 12:49
1002-2012,5/16/2012 13:09,52.9304826,5.4367524,-1,5/16/2012 13:09
1002-2012,5/16/2012 13:30,52.9303075,5.4370618,-1,5/16/2012 13:30
1002-2012,5/16/2012 13:51,52.930223,5.4371614,-1,5/16/2012 13:51
1002-2012,5/16/2012 14:13,52.9299194,5.4370003,-1,5/16/2012 14:13
1002-2012,5/16/2012 14:32,52.9295895,5.4375087,-1,5/16/2012 14:32
1002-2012,5/16/2012 14:53,52.9293613,5.4379256,-1,5/16/2012 14:53
1002-2012,5/16/2012 15:15,52.9294416,5.4376949,-1,5/16/2012 15:15
1002-2012,5/17/2012 7:53,52.9300978,5.4367252,-1,5/17/2012 7:53
1002-2012,5/17/2012 8:14,52.9300065,5.4364049,-1,5/17/2012 8:14
1002-2012,5/17/2012 8:35,52.9301086,5.4361003,-1,5/17/2012 8:35
1002-2012,5/17/2012 8:54,52.9299429,5.4359771,-1,5/17/2012 8:54
1002-2012,5/17/2012 9:15,52.9300757,5.4360609,-1,5/17/2012 9:15
1002-2012,5/17/2012 9:35,52.9300449,5.4361131,-1,5/17/2012 9:35
1002-2012,5/17/2012 9:55,52.9299857,5.4359264,-1,5/17/2012 9:55
1002-2012,5/17/2012 10:16,52.9303967,5.4363203,-1,5/17/2012 10:16
1002-2012,5/17/2012 10:36,52.9302849,5.4366047,-1,5/17/2012 10:36
1002-2012,5/17/2012 10:56,52.9302311,5.4369906,-1,5/17/2012 10:56
1002-2012,5/17/2012 11:17,52.9304496,5.4370733,-1,5/17/2012 11:17
1002-2012,5/17/2012 14:38,52.9308793,5.4382612,-1,5/17/2012 14:38
1002-2012,5/17/2012 14:58,52.9310072,5.4378676,-1,5/17/2012 14:58
1002-2012,5/17/2012 15:18,52.9311291,5.4377898,-1,5/17/2012 15:18
1002-2012,5/17/2012 15:39,52.9309318,5.437961,-1,5/17/2012 15:39
1002-2012,5/17/2012 15:59,52.9306931,5.4379761,-1,5/17/2012 15:59
1002-2012,5/19/2012 9:39,52.9307671,5.4372743,-1,5/19/2012 9:39
1002-2012,5/19/2012 10:00,52.9308393,5.4373976,-1,5/19/2012 10:00
1002-2012,5/19/2012 10:20,52.9305642,5.4375081,-1,5/19/2012 10:20
1002-2012,5/19/2012 10:40,52.9302223,5.4373881,-1,5/19/2012 10:40
1002-2012,5/19/2012 11:00,52.9308317,5.4376603,-1,5/19/2012 11:00
1002-2012,5/19/2012 11:21,52.9309052,5.4375201,-1,5/19/2012 11:21
1002-2012,5/19/2012 11:41,52.9311106,5.4371864,-1,5/19/2012 11:41
1002-2012,5/19/2012 12:21,52.9307813,5.4368882,-1,5/19/2012 12:21
1002-2012,5/19/2012 12:41,52.9312541,5.4371056,-1,5/19/2012 12:41
1002-2012,5/19/2012 13:01,52.931197,5.4372366,-1,5/19/2012 13:01
1002-2012,5/19/2012 13:21,52.9311935,5.4373529,-1,5/19/2012 13:21
1002-2012,5/19/2012 13:42,52.9313595,5.4371018,-1,5/19/2012 13:42
1002-2012,5/19/2012 14:02,52.9312894,5.4370458,-1,5/19/2012 14:02
1002-2012,5/19/2012 14:22,52.9310097,5.4373555,-1,5/19/2012 14:22
1002-2012,5/21/2012 14:31,52.9302081,5.4369176,-1,5/21/2012 14:31
1002-2012,5/21/2012 16:02,52.9303799,5.4373004,-1,5/21/2012 16:02
1002-2012,5/21/2012 17:32,52.9306088,5.437748,-1,5/21/2012 17:32
1002-2012,5/22/2012 11:33,52.9302393,5.4370014,-1,5/22/2012 11:33
1002-2012,5/22/2012 13:04,52.9301264,5.4371496,-1,5/22/2012 13:04
1002-2012,5/22/2012 16:04,52.9304308,5.4376833,-1,5/22/2012 16:04
1002-2012,5/22/2012 17:34,52.9302583,5.4375083,-1,5/22/2012 17:34
1002-2012,5/22/2012 19:05,52.9306208,5.4384154,-1,5/22/2012 19:05
1002-2012,5/22/2012 22:06,52.9313153,5.4392915,2,5/22/2012 22:06
1002-2012,5/22/2012 23:36,52.9311698,5.4395396,2,5/22/2012 23:36
1002-2012,5/23/2012 1:06,52.9310477,5.4395441,2,5/23/2012 1:06
1002-2012,5/23/2012 11:40,52.9301632,5.4373346,-1,5/23/2012 11:40
1002-2012,5/23/2012 13:11,52.9300831,5.437905,-1,5/23/2012 13:11
1002-2012,5/23/2012 14:42,52.930585,5.4374865,-1,5/23/2012 14:42
1002-2012,5/23/2012 16:12,52.9306796,5.4376337,-1,5/23/2012 16:12
1002-2012,5/25/2012 16:26,52.9300886,5.4376317,-1,5/25/2012 16:26
1002-2012,5/25/2012 17:57,52.9296412,5.4369989,-1,5/25/2012 17:57
1002-2012,5/26/2012 8:58,52.9296599,5.4355893,-1,5/26/2012 8:58
1002-2012,5/26/2012 10:28,52.9302208,5.4367748,-1,5/26/2012 10:28
1002-2012,5/26/2012 11:58,52.9303727,5.436851,-1,5/26/2012 11:58
1002-2012,5/26/2012 13:29,52.9301889,5.4367308,-1,5/26/2012 13:29
1002-2012,5/26/2012 14:59,52.9301719,5.4371709,-1,5/26/2012 14:59
1002-2012,5/26/2012 16:33,52.9309167,5.43495,-1,5/26/2012 16:33
1002-2012,5/26/2012 18:03,52.9302057,5.4329067,-1,5/26/2012 18:03
1002-2012,5/26/2012 19:34,52.9313279,5.4314091,-1,5/26/2012 19:34
1002-2012,5/26/2012 21:05,52.9315028,5.439367,2,5/26/2012 21:05
1002-2012,5/26/2012 22:35,52.9315272,5.4393348,2,5/26/2012 22:35
1002-2012,5/27/2012 0:05,52.9310972,5.4393775,2,5/27/2012 0:05
1002-2012,5/27/2012 1:35,52.9313511,5.4392317,2,5/27/2012 1:35
1002-2012,5/27/2012 7:37,52.9306376,5.4329131,-1,5/27/2012 7:37
1002-2012,5/27/2012 10:38,52.9300745,5.4360162,-1,5/27/2012 10:38
1002-2012,5/27/2012 13:39,52.930227,5.4375494,-1,5/27/2012 13:39
1002-2012,5/27/2012 15:09,52.9306417,5.4379251,-1,5/27/2012 15:09
1002-2012,5/27/2012 16:39,52.9311992,5.4400803,2,5/27/2012 16:39
1002-2012,5/27/2012 18:10,52.9303971,5.4371709,2,5/27/2012 18:10
1002-2012,5/27/2012 19:41,52.9302505,5.4368966,2,5/27/2012 19:41
1002-2012,5/27/2012 21:11,52.9314663,5.4393439,2,5/27/2012 21:11
1002-2012,5/27/2012 22:41,52.9314218,5.4393706,2,5/27/2012 22:41
1002-2012,5/28/2012 0:12,52.9311601,5.4398452,2,5/28/2012 0:12
1002-2012,5/28/2012 1:42,52.9312354,5.4392934,2,5/28/2012 1:42
1002-2012,5/28/2012 3:12,52.9314589,5.4302779,-1,5/28/2012 3:12
1002-2012,5/28/2012 4:43,52.9320113,5.4300358,-1,5/28/2012 4:43
1002-2012,5/28/2012 6:13,52.9313396,5.4310326,-1,5/28/2012 6:13
1002-2012,5/28/2012 7:43,52.9312501,5.4312174,-1,5/28/2012 7:43
1002-2012,5/28/2012 9:14,52.9311382,5.4322049,-1,5/28/2012 9:14
1002-2012,5/28/2012 10:44,52.9300853,5.4349173,-1,5/28/2012 10:44
1002-2012,5/28/2012 12:15,52.9302746,5.4369399,-1,5/28/2012 12:15
1002-2012,5/28/2012 13:45,52.9305645,5.4375155,-1,5/28/2012 13:45
1002-2012,5/28/2012 15:16,52.9305526,5.4374526,-1,5/28/2012 15:16
1002-2012,5/28/2012 16:46,52.9308292,5.4356205,-1,5/28/2012 16:46
1002-2012,5/28/2012 18:17,52.9305355,5.4320569,-1,5/28/2012 18:17
1002-2012,5/28/2012 19:47,52.9313667,5.4309993,-1,5/28/2012 19:47
1002-2012,5/28/2012 21:17,52.9311753,5.4395079,2,5/28/2012 21:17
1002-2012,5/28/2012 22:47,52.9315198,5.4394164,2,5/28/2012 22:47
1002-2012,5/29/2012 0:18,52.9312452,5.4394018,2,5/29/2012 0:18
1002-2012,5/29/2012 1:48,52.9311279,5.4395209,2,5/29/2012 1:48
1002-2012,5/29/2012 3:18,52.9316544,5.4315941,-1,5/29/2012 3:18
1002-2012,5/29/2012 4:48,52.9320524,5.4307938,-1,5/29/2012 4:48
1002-2012,5/29/2012 6:19,52.9316684,5.430914,-1,5/29/2012 6:19
1002-2012,5/29/2012 7:50,52.9323001,5.4308739,-1,5/29/2012 7:50
1002-2012,5/29/2012 9:20,52.9323383,5.4316319,-1,5/29/2012 9:20
1002-2012,5/29/2012 10:51,52.9303553,5.4339579,-1,5/29/2012 10:51
1002-2012,5/29/2012 12:21,52.930189,5.4355364,-1,5/29/2012 12:21
1002-2012,5/29/2012 13:51,52.9302812,5.4370957,-1,5/29/2012 13:51
1002-2012,5/29/2012 15:21,52.9303112,5.4372229,-1,5/29/2012 15:21
1002-2012,5/29/2012 16:53,52.9302524,5.4370356,-1,5/29/2012 16:53
1002-2012,5/29/2012 18:23,52.9314529,5.432204,-1,5/29/2012 18:23
1002-2012,5/29/2012 19:53,52.9316729,5.4312972,-1,5/29/2012 19:53
1002-2012,5/29/2012 21:23,52.9314733,5.4394501,2,5/29/2012 21:23
1002-2012,5/29/2012 22:54,52.9311501,5.4397592,2,5/29/2012 22:54
1002-2012,5/30/2012 0:23,52.9312653,5.4399308,2,5/30/2012 0:23
1002-2012,5/30/2012 1:54,52.9312951,5.4398039,2,5/30/2012 1:54
1002-2012,5/30/2012 3:24,52.9313233,5.4310317,-1,5/30/2012 3:24
1002-2012,5/30/2012 4:54,52.9324077,5.4312867,-1,5/30/2012 4:54
1002-2012,5/30/2012 6:25,52.9326024,5.4313748,-1,5/30/2012 6:25
1002-2012,5/30/2012 7:55,52.9321297,5.4317212,-1,5/30/2012 7:55
1002-2012,5/30/2012 9:25,52.9317534,5.4313369,-1,5/30/2012 9:25
1002-2012,5/30/2012 10:56,52.9317946,5.4323511,-1,5/30/2012 10:56
1002-2012,5/30/2012 12:26,52.9303527,5.4338878,-1,5/30/2012 12:26
1002-2012,5/30/2012 13:56,52.9305216,5.4326508,-1,5/30/2012 13:56
1002-2012,5/30/2012 15:27,52.9314547,5.4308878,-1,5/30/2012 15:27
1002-2012,5/30/2012 16:57,52.9307422,5.4304903,-1,5/30/2012 16:57
1002-2012,5/30/2012 18:28,52.9319816,5.4309551,-1,5/30/2012 18:28
1002-2012,5/30/2012 19:57,52.9317293,5.4302795,-1,5/30/2012 19:57
1002-2012,5/30/2012 21:28,52.9313705,5.4394575,2,5/30/2012 21:28
1002-2012,5/30/2012 22:58,52.9312572,5.4397565,2,5/30/2012 22:58
1002-2012,5/31/2012 0:28,52.9313103,5.4396337,2,5/31/2012 0:28
1002-2012,5/31/2012 1:58,52.9313113,5.4396622,2,5/31/2012 1:58
1002-2012,5/31/2012 3:29,52.9322169,5.4297937,-1,5/31/2012 3:29
1002-2012,5/31/2012 4:58,52.9326794,5.4299483,-1,5/31/2012 4:58
1002-2012,5/31/2012 6:29,52.9325075,5.4310203,-1,5/31/2012 6:29
1002-2012,5/31/2012 7:59,52.9325673,5.4320048,-1,5/31/2012 7:59
1002-2012,5/31/2012 9:29,52.932675,5.432445,-1,5/31/2012 9:29
1002-2012,5/31/2012 10:59,52.9333274,5.4325394,-1,5/31/2012 10:59
1002-2012,5/31/2012 12:30,52.9338971,5.4332602,-1,5/31/2012 12:30
1002-2012,5/31/2012 14:00,52.9330402,5.4317569,-1,5/31/2012 14:00
1002-2012,5/31/2012 15:30,52.9326173,5.4301628,-1,5/31/2012 15:30
1002-2012,5/31/2012 17:01,52.9333935,5.4269274,-1,5/31/2012 17:01
1002-2012,5/31/2012 18:32,52.9334863,5.4287899,-1,5/31/2012 18:32
1002-2012,5/31/2012 20:02,52.9341266,5.4219377,-1,5/31/2012 20:02
1002-2012,5/31/2012 21:32,52.9313886,5.4396682,2,5/31/2012 21:32
1002-2012,5/31/2012 23:02,52.9312512,5.4395173,2,5/31/2012 23:02
1002-2012,6/1/2012 0:32,52.9312268,5.4395232,2,6/1/2012 0:32
1002-2012,6/1/2012 2:02,52.9346496,5.4233286,-1,6/1/2012 2:02
1002-2012,6/1/2012 3:33,52.9342733,5.4229906,-1,6/1/2012 3:33
1002-2012,6/1/2012 5:03,52.9339166,5.4293301,-1,6/1/2012 5:03
1002-2012,6/1/2012 6:33,52.9332563,5.4290743,-1,6/1/2012 6:33
1002-2012,6/1/2012 8:03,52.9327169,5.4282794,-1,6/1/2012 8:03
1002-2012,6/1/2012 9:34,52.9330848,5.4291939,-1,6/1/2012 9:34
1002-2012,6/1/2012 11:04,52.9318985,5.4306072,-1,6/1/2012 11:04
1002-2012,6/1/2012 12:36,52.9296343,5.4346159,-1,6/1/2012 12:36
1002-2012,6/1/2012 14:06,52.9300345,5.4368996,-1,6/1/2012 14:06
1002-2012,6/1/2012 15:37,52.930232,5.4371142,-1,6/1/2012 15:37
1002-2012,6/1/2012 17:08,52.9302533,5.4368087,-1,6/1/2012 17:08
1002-2012,6/1/2012 18:38,52.9295548,5.4372839,-1,6/1/2012 18:38
1002-2012,6/1/2012 20:08,52.9294828,5.4362597,-1,6/1/2012 20:08
1002-2012,6/1/2012 21:39,52.9310193,5.4396716,2,6/1/2012 21:39
1002-2012,6/1/2012 23:10,52.9311786,5.4395016,2,6/1/2012 23:10
1002-2012,6/2/2012 0:40,52.9315282,5.4395737,2,6/2/2012 0:40
1002-2012,6/2/2012 2:10,52.9314544,5.4393933,2,6/2/2012 2:10
1002-2012,6/2/2012 3:40,52.9302624,5.437163,-1,6/2/2012 3:40
1002-2012,6/2/2012 5:11,52.9301131,5.4365936,-1,6/2/2012 5:11
1002-2012,6/2/2012 6:41,52.9301057,5.436832,-1,6/2/2012 6:41
1002-2012,6/2/2012 8:12,52.930221,5.4369299,-1,6/2/2012 8:12
1002-2012,6/2/2012 9:43,52.9302946,5.437193,-1,6/2/2012 9:43
1002-2012,6/2/2012 11:13,52.9302785,5.4370136,-1,6/2/2012 11:13
1002-2012,6/2/2012 12:43,52.9300025,5.4371324,-1,6/2/2012 12:43
1002-2012,6/2/2012 14:14,52.9300104,5.4366516,-1,6/2/2012 14:14
1002-2012,6/2/2012 15:45,52.9302978,5.4371495,-1,6/2/2012 15:45
1002-2012,6/2/2012 17:15,52.9301233,5.4365355,-1,6/2/2012 17:15
1002-2012,6/2/2012 18:46,52.9295623,5.4368187,-1,6/2/2012 18:46
1002-2012,6/2/2012 20:17,52.9337136,5.4380591,-1,6/2/2012 20:17
1002-2012,6/2/2012 21:47,52.9314383,5.4393263,2,6/2/2012 21:47
1002-2012,6/2/2012 23:18,52.9312347,5.4395367,2,6/2/2012 23:18
1002-2012,6/3/2012 0:48,52.9311777,5.4395525,2,6/3/2012 0:48
1002-2012,6/3/2012 2:18,52.9312088,5.4395084,2,6/3/2012 2:18
1002-2012,6/3/2012 3:49,52.9286269,5.4366721,-1,6/3/2012 3:49
1002-2012,6/3/2012 5:19,52.9290127,5.4364265,-1,6/3/2012 5:19
1002-2012,6/3/2012 6:50,52.9302368,5.4369225,-1,6/3/2012 6:50
1002-2012,6/3/2012 8:20,52.9330148,5.4286199,-1,6/3/2012 8:20
1002-2012,6/3/2012 9:50,52.9377297,5.4622909,2,6/3/2012 9:50
1002-2012,6/3/2012 11:21,52.9358091,5.4616662,2,6/3/2012 11:21
1002-2012,6/3/2012 12:51,52.9301484,5.4366421,2,6/3/2012 12:51
1002-2012,6/3/2012 14:22,52.9300359,5.4373925,2,6/3/2012 14:22
1002-2012,6/3/2012 15:52,52.931199,5.4399903,2,6/3/2012 15:52
1002-2012,6/3/2012 17:22,52.9302653,5.4370595,2,6/3/2012 17:22
1002-2012,6/3/2012 18:53,52.9313487,5.4394812,2,6/3/2012 18:53
1002-2012,6/3/2012 20:23,52.9313756,5.4396142,2,6/3/2012 20:23
1002-2012,6/3/2012 21:53,52.931126,5.4395789,2,6/3/2012 21:53
1002-2012,6/4/2012 0:54,52.9311187,5.4396218,2,6/4/2012 0:54
1002-2012,6/4/2012 2:24,52.9311033,5.4396789,2,6/4/2012 2:24
1002-2012,6/4/2012 3:54,52.9318121,5.4370326,-1,6/4/2012 3:54
1002-2012,6/4/2012 5:25,52.9324435,5.4377721,-1,6/4/2012 5:25
1002-2012,6/4/2012 6:55,52.9328404,5.4381819,-1,6/4/2012 6:55
1002-2012,6/4/2012 8:25,52.9330848,5.4381897,-1,6/4/2012 8:25
1002-2012,6/4/2012 9:55,52.9329227,5.4386417,-1,6/4/2012 9:55
1002-2012,6/4/2012 11:26,52.9331048,5.4385428,-1,6/4/2012 11:26
1002-2012,6/4/2012 12:56,52.9311132,5.4399669,2,6/4/2012 12:56
1002-2012,6/4/2012 14:27,52.9330357,5.4383083,-1,6/4/2012 14:27
1002-2012,6/4/2012 15:57,52.9323052,5.445457,-1,6/4/2012 15:57
1002-2012,6/4/2012 17:27,52.932392,5.4398623,-1,6/4/2012 17:27
1002-2012,6/4/2012 18:57,52.9327199,5.4384737,-1,6/4/2012 18:57
1002-2012,6/4/2012 20:27,52.9314431,5.4394596,2,6/4/2012 20:27
1002-2012,6/4/2012 21:58,52.931478,5.4397061,2,6/4/2012 21:58
1002-2012,6/4/2012 23:28,52.9312337,5.4395811,2,6/4/2012 23:28
1002-2012,6/5/2012 0:58,52.9312298,5.4395862,2,6/5/2012 0:58
1002-2012,6/5/2012 2:28,52.9311943,5.4395406,2,6/5/2012 2:28
1002-2012,6/5/2012 3:59,52.9330556,5.4384568,2,6/5/2012 3:59
1002-2012,6/5/2012 6:59,52.9332086,5.4381235,2,6/5/2012 6:59
1002-2012,6/5/2012 8:29,52.9329819,5.4377671,2,6/5/2012 8:29
1002-2012,6/5/2012 9:59,52.9309885,5.4396886,2,6/5/2012 9:59
1002-2012,6/5/2012 11:30,52.9309005,5.439825,2,6/5/2012 11:30
1002-2012,6/5/2012 13:00,52.985694,5.4200111,2,6/5/2012 13:00
1002-2012,6/5/2012 14:30,52.9984054,5.4146461,2,6/5/2012 14:30
1002-2012,6/5/2012 16:00,52.9982059,5.4143186,2,6/5/2012 16:00
1002-2012,6/5/2012 17:30,52.9980217,5.4146875,2,6/5/2012 17:30
1002-2012,6/5/2012 19:01,52.9936886,5.4180973,2,6/5/2012 19:01
1002-2012,6/5/2012 20:31,52.9311381,5.4398479,2,6/5/2012 20:31
1002-2012,6/5/2012 22:01,52.9311315,5.4396167,2,6/5/2012 22:01
1002-2012,6/5/2012 23:31,52.9311455,5.4395811,2,6/5/2012 23:31
1002-2012,6/6/2012 1:01,52.9311026,5.4397857,2,6/6/2012 1:01
1002-2012,6/6/2012 2:32,52.9311194,5.4399947,2,6/6/2012 2:32
1002-2012,6/6/2012 4:01,52.9337366,5.436526,2,6/6/2012 4:01
1002-2012,6/6/2012 5:32,52.9471854,5.4763297,2,6/6/2012 5:32
1002-2012,6/6/2012 7:02,52.9469721,5.4772328,2,6/6/2012 7:02
1002-2012,6/6/2012 8:32,52.9478788,5.4728676,2,6/6/2012 8:32
1002-2012,6/6/2012 10:02,52.9478923,5.4731665,2,6/6/2012 10:02
1002-2012,6/6/2012 11:33,52.9478653,5.4737144,2,6/6/2012 11:33
1002-2012,6/6/2012 13:02,52.9476586,5.4727374,2,6/6/2012 13:02
1002-2012,6/6/2012 14:33,52.9478733,5.4734367,2,6/6/2012 14:33
1002-2012,6/6/2012 16:03,52.9477854,5.4736185,2,6/6/2012 16:03
1002-2012,6/6/2012 17:33,52.931071,5.4398155,2,6/6/2012 17:33
1002-2012,6/6/2012 19:03,52.9397666,5.4313257,2,6/6/2012 19:03
1002-2012,6/6/2012 20:34,52.9311006,5.4396749,2,6/6/2012 20:34
1002-2012,6/6/2012 22:04,52.9311785,5.4394924,2,6/6/2012 22:04
1002-2012,6/6/2012 23:34,52.9311124,5.4402541,2,6/6/2012 23:34
1002-2012,6/7/2012 1:04,52.9311252,5.439864,2,6/7/2012 1:04
1002-2012,6/7/2012 4:05,52.9329034,5.4384089,2,6/7/2012 4:05
1002-2012,6/7/2012 5:35,52.9478521,5.4731996,2,6/7/2012 5:35
1002-2012,6/7/2012 7:06,52.9478142,5.4732756,2,6/7/2012 7:06
1002-2012,6/7/2012 10:06,52.9468284,5.4746182,2,6/7/2012 10:06
1002-2012,6/7/2012 13:07,52.923486,5.4794863,2,6/7/2012 13:07
1002-2012,6/7/2012 14:38,52.9445367,5.4696602,2,6/7/2012 14:38
1002-2012,6/7/2012 16:08,52.9311406,5.4616314,2,6/7/2012 16:08
1002-2012,6/7/2012 17:39,52.9320149,5.4598405,2,6/7/2012 17:39
1002-2012,6/7/2012 19:09,52.9315765,5.460465,2,6/7/2012 19:09
1002-2012,6/7/2012 20:40,52.9310149,5.4399743,2,6/7/2012 20:40
1002-2012,6/7/2012 22:10,52.9311476,5.4396518,2,6/7/2012 22:10
1002-2012,6/7/2012 23:40,52.9310577,5.4395792,2,6/7/2012 23:40
1002-2012,6/8/2012 2:41,52.9311037,5.4395633,2,6/8/2012 2:41
1002-2012,6/8/2012 4:10,52.9475092,5.4754792,2,6/8/2012 4:10
1002-2012,6/8/2012 8:41,52.9475034,5.4752651,2,6/8/2012 8:41
1002-2012,6/8/2012 11:41,52.9477674,5.4757267,2,6/8/2012 11:41
1002-2012,6/8/2012 13:12,52.9218617,5.4394431,-1,6/8/2012 13:12
1002-2012,6/8/2012 14:42,52.9217947,5.4396332,-1,6/8/2012 14:42
1002-2012,6/8/2012 16:11,52.921471,5.4395931,-1,6/8/2012 16:11
1002-2012,6/8/2012 17:42,52.9279113,5.4429633,-1,6/8/2012 17:42
1002-2012,6/8/2012 19:12,52.9306627,5.4400027,2,6/8/2012 19:12
1002-2012,6/8/2012 20:42,52.9306514,5.4396382,2,6/8/2012 20:42
1002-2012,6/8/2012 22:12,52.9310763,5.4396141,2,6/8/2012 22:12
1002-2012,6/8/2012 23:42,52.9311119,5.4396532,2,6/8/2012 23:42
1002-2012,6/9/2012 1:12,52.9310377,5.4397067,2,6/9/2012 1:12
1002-2012,6/9/2012 2:42,52.9309999,5.4396614,2,6/9/2012 2:42
1002-2012,6/9/2012 4:13,52.9328996,5.4382292,2,6/9/2012 4:13
1002-2012,6/9/2012 5:43,52.9375776,5.4668401,2,6/9/2012 5:43
1002-2012,6/9/2012 7:13,52.9478756,5.4744447,2,6/9/2012 7:13
1002-2012,6/9/2012 8:43,52.9478958,5.4746125,2,6/9/2012 8:43
1002-2012,6/9/2012 10:13,52.9480326,5.4737416,2,6/9/2012 10:13
1002-2012,6/9/2012 11:43,52.9467262,5.4760933,2,6/9/2012 11:43
1002-2012,6/9/2012 13:13,52.9480538,5.4753467,2,6/9/2012 13:13
1002-2012,6/9/2012 14:44,52.9482105,5.4743971,2,6/9/2012 14:44
1002-2012,6/9/2012 16:14,52.9372231,5.462786,2,6/9/2012 16:14
1002-2012,6/9/2012 17:44,52.9373532,5.4625421,2,6/9/2012 17:44
1002-2012,6/9/2012 19:14,52.9239537,5.4788528,2,6/9/2012 19:14
1002-2012,6/9/2012 20:45,52.9241211,5.4785359,2,6/9/2012 20:45
1002-2012,6/9/2012 22:14,52.924243,5.4782252,2,6/9/2012 22:14
1002-2012,6/9/2012 23:45,52.9240457,5.4784419,2,6/9/2012 23:45
1002-2012,6/10/2012 1:15,52.9240468,5.4784184,2,6/10/2012 1:15
1002-2012,6/10/2012 2:45,52.9240291,5.478466,2,6/10/2012 2:45
1002-2012,6/10/2012 4:15,52.9482027,5.4753864,2,6/10/2012 4:15
1002-2012,6/10/2012 5:45,52.9482189,5.4759604,2,6/10/2012 5:45
1002-2012,6/10/2012 7:16,52.9483403,5.4753101,2,6/10/2012 7:16
1002-2012,6/10/2012 8:46,52.931024,5.4399248,2,6/10/2012 8:46
1002-2012,6/10/2012 10:17,52.9977711,5.4151425,-1,6/10/2012 10:17
1002-2012,6/10/2012 11:47,52.9982496,5.4125949,-1,6/10/2012 11:47
1002-2012,6/10/2012 13:17,52.9982926,5.4146144,-1,6/10/2012 13:17
1002-2012,6/10/2012 14:47,52.9979221,5.4152183,-1,6/10/2012 14:47
1002-2012,6/10/2012 16:17,52.9849515,5.4140962,2,6/10/2012 16:17
1002-2012,6/10/2012 17:48,52.9310397,5.4397179,2,6/10/2012 17:48
1002-2012,6/10/2012 19:18,52.9330344,5.4379534,2,6/10/2012 19:18
1002-2012,6/10/2012 20:48,52.9311055,5.4399102,2,6/10/2012 20:48
1002-2012,6/10/2012 22:18,52.931468,5.439386,2,6/10/2012 22:18
1002-2012,6/10/2012 23:48,52.9312602,5.439447,2,6/10/2012 23:48
1002-2012,6/11/2012 1:19,52.9311695,5.4398566,2,6/11/2012 1:19
1002-2012,6/11/2012 2:49,52.9315753,5.4397083,2,6/11/2012 2:49
1002-2012,6/11/2012 4:19,52.9478905,5.4757516,2,6/11/2012 4:19
1002-2012,6/11/2012 5:49,52.9486099,5.4756636,2,6/11/2012 5:49
1002-2012,6/11/2012 7:19,52.9481151,5.4764474,2,6/11/2012 7:19
1002-2012,6/11/2012 8:50,52.9484862,5.4771436,2,6/11/2012 8:50
1002-2012,6/11/2012 10:20,52.9187643,5.3924606,-1,6/11/2012 10:20
1002-2012,6/11/2012 11:50,52.9920246,5.4097164,-1,6/11/2012 11:50
1002-2012,6/11/2012 13:20,53.0014874,5.4128344,-1,6/11/2012 13:20
1002-2012,6/11/2012 14:51,53.0009373,5.4130018,-1,6/11/2012 14:51
1002-2012,6/11/2012 16:21,53.0025447,5.4125303,-1,6/11/2012 16:21
1002-2012,6/11/2012 17:51,52.9312845,5.439996,2,6/11/2012 17:51
1002-2012,6/11/2012 19:21,52.9309689,5.4400197,2,6/11/2012 19:21
1002-2012,6/11/2012 20:51,52.9312924,5.4394885,2,6/11/2012 20:51
1002-2012,6/11/2012 23:51,52.9312038,5.4398829,2,6/11/2012 23:51
1002-2012,6/12/2012 1:22,52.9311423,5.439497,2,6/12/2012 1:22
1002-2012,6/12/2012 2:53,52.9314344,5.4397337,2,6/12/2012 2:53
1002-2012,6/12/2012 4:23,52.9360901,5.4630988,2,6/12/2012 4:23
1002-2012,6/12/2012 5:53,52.932065,5.4602496,2,6/12/2012 5:53
1002-2012,6/12/2012 7:23,52.9319441,5.4604285,2,6/12/2012 7:23
1002-2012,6/12/2012 8:54,52.9322521,5.4599582,2,6/12/2012 8:54
1002-2012,6/12/2012 10:24,52.9235023,5.4794026,2,6/12/2012 10:24
1002-2012,6/12/2012 11:54,52.9757478,5.4220628,2,6/12/2012 11:54
1002-2012,6/12/2012 13:24,52.9758394,5.4200349,2,6/12/2012 13:24
1002-2012,6/12/2012 14:55,52.9776526,5.421581,2,6/12/2012 14:55
1002-2012,6/12/2012 16:25,52.975475,5.4216761,2,6/12/2012 16:25
1002-2012,6/12/2012 17:55,52.9758492,5.423531,2,6/12/2012 17:55
1002-2012,6/12/2012 19:25,52.9756842,5.4211468,2,6/12/2012 19:25
1002-2012,6/12/2012 20:56,52.9762077,5.4087678,2,6/12/2012 20:56
1002-2012,6/12/2012 22:26,52.9762342,5.4087618,2,6/12/2012 22:26
1002-2012,6/12/2012 23:56,52.9762585,5.4088335,2,6/12/2012 23:56
1002-2012,6/13/2012 1:26,52.9762116,5.4088448,2,6/13/2012 1:26
1002-2012,6/13/2012 2:57,52.9754612,5.4200856,2,6/13/2012 2:57
1002-2012,6/13/2012 4:27,52.9752844,5.4212021,2,6/13/2012 4:27
1002-2012,6/13/2012 5:57,52.9753265,5.4210739,2,6/13/2012 5:57
1002-2012,6/13/2012 7:28,52.9754619,5.4216314,2,6/13/2012 7:28
1002-2012,6/13/2012 8:58,52.9753748,5.4218641,2,6/13/2012 8:58
1002-2012,6/13/2012 10:28,52.9756527,5.4214691,2,6/13/2012 10:28
1002-2012,6/13/2012 11:58,52.9821487,5.415457,2,6/13/2012 11:58
1002-2012,6/13/2012 13:29,52.9820257,5.4149608,2,6/13/2012 13:29
1002-2012,6/13/2012 14:59,52.9821554,5.4155695,2,6/13/2012 14:59
1002-2012,6/13/2012 16:29,52.9824112,5.4170913,2,6/13/2012 16:29
1002-2012,6/13/2012 18:00,52.9821658,5.4190244,2,6/13/2012 18:00
1002-2012,6/13/2012 19:30,52.9813165,5.4189466,2,6/13/2012 19:30
1002-2012,6/13/2012 21:00,52.9768298,5.4093107,2,6/13/2012 21:00
1002-2012,6/13/2012 22:31,52.9768922,5.4093241,2,6/13/2012 22:31
1002-2012,6/14/2012 0:01,52.9771632,5.40919,2,6/14/2012 0:01
1002-2012,6/14/2012 1:31,52.9772007,5.4091614,2,6/14/2012 1:31
1002-2012,6/14/2012 3:01,52.9811834,5.4161948,2,6/14/2012 3:01
1002-2012,6/14/2012 4:32,52.9808388,5.4176212,2,6/14/2012 4:32
1002-2012,6/14/2012 6:02,52.9810547,5.4184227,2,6/14/2012 6:02
1002-2012,6/14/2012 7:32,52.9811734,5.4217889,2,6/14/2012 7:32
1002-2012,6/14/2012 9:02,52.9820566,5.4182903,2,6/14/2012 9:02
1002-2012,6/14/2012 10:33,52.9815978,5.415995,2,6/14/2012 10:33
1002-2012,6/14/2012 12:03,52.9815825,5.4142476,2,6/14/2012 12:03
1002-2012,6/14/2012 13:33,52.9824231,5.4136226,2,6/14/2012 13:33
1002-2012,6/14/2012 15:04,52.9823353,5.4135277,2,6/14/2012 15:04
1002-2012,6/14/2012 16:34,52.9809387,5.4186953,2,6/14/2012 16:34
1002-2012,6/14/2012 18:04,52.9753276,5.4225894,2,6/14/2012 18:04
1002-2012,6/14/2012 19:34,52.9767609,5.4204596,2,6/14/2012 19:34
1002-2012,6/14/2012 21:04,52.9769258,5.4095673,2,6/14/2012 21:04
1002-2012,6/14/2012 22:35,52.9768576,5.4095687,2,6/14/2012 22:35
1002-2012,6/15/2012 0:05,52.9765965,5.4095416,2,6/15/2012 0:05
1002-2012,6/15/2012 1:35,52.9766769,5.4096564,2,6/15/2012 1:35
1002-2012,6/15/2012 3:05,52.9755054,5.4204592,2,6/15/2012 3:05
1002-2012,6/15/2012 4:36,52.9582658,5.4222676,2,6/15/2012 4:36
1002-2012,6/15/2012 6:06,52.9250756,5.4376195,-1,6/15/2012 6:06
1002-2012,6/15/2012 7:36,52.9253554,5.4375668,-1,6/15/2012 7:36
1002-2012,6/15/2012 9:06,52.9253165,5.4376226,-1,6/15/2012 9:06
1002-2012,6/15/2012 10:36,52.925164,5.437463,-1,6/15/2012 10:36
1002-2012,6/15/2012 12:06,52.9249969,5.4375917,-1,6/15/2012 12:06
1002-2012,6/15/2012 13:37,52.9483395,5.481829,2,6/15/2012 13:37
1002-2012,6/15/2012 15:07,52.9480893,5.4805613,2,6/15/2012 15:07
1002-2012,6/15/2012 16:37,52.9481479,5.4809214,2,6/15/2012 16:37
1002-2012,6/15/2012 18:07,52.9470772,5.4814561,2,6/15/2012 18:07
1002-2012,6/15/2012 19:38,52.9310208,5.4397682,2,6/15/2012 19:38
1002-2012,6/15/2012 21:08,52.9279869,5.4424796,2,6/15/2012 21:08
1002-2012,6/15/2012 22:39,52.9310735,5.4394386,2,6/15/2012 22:39
1002-2012,6/16/2012 0:09,52.931047,5.439412,2,6/16/2012 0:09
1002-2012,6/16/2012 1:39,52.9310455,5.4393869,2,6/16/2012 1:39
1002-2012,6/16/2012 3:09,52.931156,5.4392215,2,6/16/2012 3:09
1002-2012,6/16/2012 4:40,52.9469012,5.4801216,2,6/16/2012 4:40
1002-2012,6/16/2012 6:09,52.9461395,5.4800185,2,6/16/2012 6:09
1002-2012,6/16/2012 7:40,52.9470368,5.4800576,2,6/16/2012 7:40
1002-2012,6/16/2012 9:10,52.9479715,5.4809662,2,6/16/2012 9:10
1002-2012,6/16/2012 10:40,52.9480318,5.4806001,2,6/16/2012 10:40
1002-2012,6/16/2012 12:10,52.947846,5.4795177,2,6/16/2012 12:10
1002-2012,6/16/2012 13:41,52.9479861,5.4807392,2,6/16/2012 13:41
1002-2012,6/16/2012 15:11,52.9473945,5.4813061,2,6/16/2012 15:11
1002-2012,6/16/2012 16:41,52.9474905,5.4805452,2,6/16/2012 16:41
1002-2012,6/16/2012 18:12,52.9256027,5.4727545,2,6/16/2012 18:12
1002-2012,6/16/2012 19:42,52.9235228,5.4793001,2,6/16/2012 19:42
1002-2012,6/16/2012 21:12,52.9099963,5.4803545,-1,6/16/2012 21:12
1002-2012,6/16/2012 22:43,52.9096301,5.4794476,-1,6/16/2012 22:43
1002-2012,6/17/2012 0:13,52.908685,5.479167,-1,6/17/2012 0:13
1002-2012,6/17/2012 1:43,52.9096661,5.4775724,-1,6/17/2012 1:43
1002-2012,6/17/2012 3:14,52.9090863,5.4792816,-1,6/17/2012 3:14
1002-2012,6/17/2012 4:43,52.9467454,5.4803552,2,6/17/2012 4:43
1002-2012,6/17/2012 6:14,52.9461415,5.4803024,2,6/17/2012 6:14
1002-2012,6/17/2012 7:44,52.9466776,5.4816759,2,6/17/2012 7:44
1002-2012,6/17/2012 9:14,52.9470322,5.4808391,2,6/17/2012 9:14
1002-2012,6/17/2012 10:44,52.9466683,5.4811321,2,6/17/2012 10:44
1002-2012,6/17/2012 12:15,52.946665,5.4812611,2,6/17/2012 12:15
1002-2012,6/17/2012 13:45,52.9467823,5.4813992,2,6/17/2012 13:45
1002-2012,6/17/2012 15:15,52.9464661,5.4814274,2,6/17/2012 15:15
1002-2012,6/17/2012 16:45,52.9241729,5.4786687,2,6/17/2012 16:45
1002-2012,6/17/2012 18:16,52.9242158,5.4782823,2,6/17/2012 18:16
1002-2012,6/17/2012 19:46,52.9241567,5.4786093,2,6/17/2012 19:46
1002-2012,6/17/2012 21:16,52.9242888,5.4788139,2,6/17/2012 21:16
1002-2012,6/17/2012 22:46,52.9240595,5.4786699,2,6/17/2012 22:46
1002-2012,6/18/2012 0:16,52.9241056,5.4787602,2,6/18/2012 0:16
1002-2012,6/18/2012 1:46,52.9242759,5.4781826,2,6/18/2012 1:46
1002-2012,6/18/2012 3:16,52.9267217,5.4763996,2,6/18/2012 3:16
1002-2012,6/18/2012 4:47,52.9472557,5.4826526,2,6/18/2012 4:47
1002-2012,6/18/2012 6:17,52.9472439,5.4819652,2,6/18/2012 6:17
1002-2012,6/18/2012 7:47,52.947164,5.481238,2,6/18/2012 7:47
1002-2012,6/18/2012 9:17,52.9462822,5.4809198,2,6/18/2012 9:17
1002-2012,6/18/2012 10:47,52.9468169,5.4808891,2,6/18/2012 10:47
1002-2012,6/18/2012 12:18,52.947037,5.4806701,2,6/18/2012 12:18
1002-2012,6/18/2012 13:48,52.9242336,5.4784641,2,6/18/2012 13:48
1002-2012,6/18/2012 15:19,52.9262484,5.4738303,2,6/18/2012 15:19
1002-2012,6/18/2012 16:49,52.9513439,5.4847079,2,6/18/2012 16:49
1002-2012,6/18/2012 18:19,52.9513911,5.4842305,2,6/18/2012 18:19
1002-2012,6/18/2012 19:50,52.9505913,5.4851454,2,6/18/2012 19:50
1002-2012,6/18/2012 21:20,52.9242651,5.4788016,2,6/18/2012 21:20
1002-2012,6/18/2012 22:50,52.9242237,5.478602,2,6/18/2012 22:50
1002-2012,6/19/2012 0:20,52.9241478,5.4785111,2,6/19/2012 0:20
1002-2012,6/19/2012 1:51,52.924255,5.4787771,2,6/19/2012 1:51
1002-2012,6/19/2012 3:21,52.9240292,5.4784449,2,6/19/2012 3:21
1002-2012,6/19/2012 4:51,52.9513601,5.4848325,2,6/19/2012 4:51
1002-2012,6/19/2012 6:21,52.9510125,5.4854204,2,6/19/2012 6:21
1002-2012,6/19/2012 7:52,52.9508817,5.4828139,2,6/19/2012 7:52
1002-2012,6/19/2012 9:22,52.9504807,5.4848781,2,6/19/2012 9:22
1002-2012,6/19/2012 10:53,52.9504984,5.4830344,2,6/19/2012 10:53
1002-2012,6/19/2012 12:23,52.9505462,5.4831332,2,6/19/2012 12:23
1002-2012,6/19/2012 13:53,52.9506142,5.4832315,2,6/19/2012 13:53
1002-2012,6/19/2012 15:23,52.9502471,5.4850763,2,6/19/2012 15:23
1002-2012,6/19/2012 16:54,52.9511395,5.4847576,2,6/19/2012 16:54
1002-2012,6/19/2012 18:24,52.950745,5.485162,2,6/19/2012 18:24
1002-2012,6/19/2012 19:54,52.9509384,5.4854182,2,6/19/2012 19:54
1002-2012,6/19/2012 21:24,52.9313037,5.4397901,2,6/19/2012 21:24
1002-2012,6/19/2012 22:55,52.9314349,5.4393979,2,6/19/2012 22:55
1002-2012,6/20/2012 0:25,52.9310976,5.4396357,2,6/20/2012 0:25
1002-2012,6/20/2012 1:55,52.9313008,5.4393698,2,6/20/2012 1:55
1002-2012,6/20/2012 3:25,52.9310378,5.4395887,2,6/20/2012 3:25
1002-2012,6/20/2012 4:58,52.9507212,5.4849794,2,6/20/2012 4:58
1002-2012,6/20/2012 6:27,52.9514169,5.484714,2,6/20/2012 6:27
1002-2012,6/20/2012 7:40,52.9299406,5.4384828,-1,6/20/2012 7:40
1002-2012,6/20/2012 8:10,52.9299441,5.4388262,-1,6/20/2012 8:10
1002-2012,6/20/2012 8:40,52.9255738,5.4330047,-1,6/20/2012 8:40
1002-2012,6/20/2012 9:10,52.9257512,5.4327467,-1,6/20/2012 9:10
1002-2012,6/20/2012 9:39,52.9258373,5.4325666,-1,6/20/2012 9:39
1002-2012,6/20/2012 10:10,52.9258334,5.4327469,-1,6/20/2012 10:10
1002-2012,6/20/2012 10:39,52.9259679,5.4326277,-1,6/20/2012 10:39
1002-2012,6/20/2012 11:27,52.9258542,5.432323,-1,6/20/2012 11:27
1002-2012,6/20/2012 11:57,52.9257643,5.4323122,-1,6/20/2012 11:57
1002-2012,6/20/2012 12:26,52.9258728,5.4326795,-1,6/20/2012 12:26
1002-2012,6/20/2012 12:57,52.9258516,5.4327224,-1,6/20/2012 12:57
1002-2012,6/20/2012 13:27,52.9257678,5.4326836,-1,6/20/2012 13:27
1002-2012,6/20/2012 13:57,52.9261632,5.4330187,-1,6/20/2012 13:57
1002-2012,6/20/2012 14:27,52.9311523,5.4400043,2,6/20/2012 14:27
1002-2012,6/20/2012 14:57,52.9309438,5.4398538,2,6/20/2012 14:57
1002-2012,6/20/2012 15:27,52.9310849,5.4399479,2,6/20/2012 15:27
1002-2012,6/20/2012 16:27,52.8726005,5.3853384,2,6/20/2012 16:27
1002-2012,6/20/2012 16:57,52.8725642,5.3851794,2,6/20/2012 16:57
1002-2012,6/20/2012 17:27,52.6025075,5.0838116,2,6/20/2012 17:27
1002-2012,6/20/2012 18:57,52.5008211,5.1721198,2,6/20/2012 18:57
1002-2012,6/20/2012 20:28,52.9788391,5.4076588,2,6/20/2012 20:28
1002-2012,6/20/2012 21:57,52.9313455,5.4393891,2,6/20/2012 21:57
1002-2012,6/20/2012 23:28,52.9312773,5.4396996,2,6/20/2012 23:28
1002-2012,6/21/2012 0:58,52.931264,5.4401625,2,6/21/2012 0:58
1002-2012,6/21/2012 2:28,52.9313485,5.4394245,2,6/21/2012 2:28
1002-2012,6/21/2012 3:58,52.9500356,5.4860457,2,6/21/2012 3:58
1002-2012,6/21/2012 5:29,52.9283192,5.4394894,-1,6/21/2012 5:29
1002-2012,6/21/2012 6:58,52.925924,5.4319776,-1,6/21/2012 6:58
1002-2012,6/21/2012 7:29,52.9260634,5.4326204,-1,6/21/2012 7:29
1002-2012,6/21/2012 8:28,52.9259676,5.432786,-1,6/21/2012 8:28
1002-2012,6/21/2012 8:58,52.925129,5.4322977,-1,6/21/2012 8:58
1002-2012,6/21/2012 9:28,52.9251627,5.4325258,-1,6/21/2012 9:28
1002-2012,6/21/2012 9:59,52.9252046,5.4326729,-1,6/21/2012 9:59
1002-2012,6/21/2012 10:29,52.9253405,5.4324654,-1,6/21/2012 10:29
1002-2012,6/21/2012 10:58,52.9249822,5.4330773,-1,6/21/2012 10:58
1002-2012,6/21/2012 11:28,52.9251042,5.4328827,-1,6/21/2012 11:28
1002-2012,6/21/2012 11:58,52.9251803,5.4326259,-1,6/21/2012 11:58
1002-2012,6/21/2012 12:29,52.9252098,5.4328078,-1,6/21/2012 12:29
1002-2012,6/21/2012 12:58,52.9253398,5.4325705,-1,6/21/2012 12:58
1002-2012,6/21/2012 13:28,52.925186,5.4327773,-1,6/21/2012 13:28
1002-2012,6/21/2012 13:58,52.9253365,5.432575,-1,6/21/2012 13:58
1002-2012,6/21/2012 14:29,52.9253967,5.4335115,-1,6/21/2012 14:29
1002-2012,6/21/2012 14:59,52.9254159,5.432424,-1,6/21/2012 14:59
1002-2012,6/21/2012 15:52,52.9252376,5.432747,-1,6/21/2012 15:52
1002-2012,6/21/2012 16:22,52.9252736,5.4328962,-1,6/21/2012 16:22
1002-2012,6/21/2012 16:52,52.9252522,5.4328732,-1,6/21/2012 16:52
1002-2012,6/21/2012 17:22,52.9311203,5.4400451,2,6/21/2012 17:22
1002-2012,6/21/2012 17:52,52.9310907,5.4401553,2,6/21/2012 17:52
1002-2012,6/21/2012 18:22,52.9310361,5.4401625,2,6/21/2012 18:22
1002-2012,6/21/2012 19:54,52.9251543,5.432751,2,6/21/2012 19:54
1002-2012,6/21/2012 21:23,52.9309096,5.4396396,2,6/21/2012 21:23
1002-2012,6/21/2012 22:54,52.93142,5.4393531,2,6/21/2012 22:54
1002-2012,6/22/2012 0:24,52.9312055,5.4392983,2,6/22/2012 0:24
1002-2012,6/22/2012 1:54,52.9310744,5.4393201,2,6/22/2012 1:54
1002-2012,6/22/2012 3:24,52.9248768,5.4325278,-1,6/22/2012 3:24
1002-2012,6/22/2012 4:55,52.9249157,5.432636,-1,6/22/2012 4:55
1002-2012,6/22/2012 6:25,52.9248666,5.4327358,-1,6/22/2012 6:25
1002-2012,6/22/2012 7:01,52.924958,5.4326144,-1,6/22/2012 7:01
1002-2012,6/22/2012 7:30,52.9250211,5.4325511,-1,6/22/2012 7:30
1002-2012,6/22/2012 8:49,52.9251028,5.4329287,-1,6/22/2012 8:49
1002-2012,6/22/2012 9:19,52.924953,5.4325058,-1,6/22/2012 9:19
1002-2012,6/22/2012 9:50,52.9253267,5.4330695,-1,6/22/2012 9:50
1002-2012,6/22/2012 10:20,52.9253813,5.4332451,-1,6/22/2012 10:20
1002-2012,6/22/2012 10:50,52.9254566,5.4333805,-1,6/22/2012 10:50
1002-2012,6/22/2012 11:20,52.9255086,5.4329114,-1,6/22/2012 11:20
1002-2012,6/22/2012 11:50,52.9254196,5.4330115,-1,6/22/2012 11:50
1002-2012,6/22/2012 12:20,52.9251965,5.4330885,-1,6/22/2012 12:20
1002-2012,6/22/2012 12:49,52.9323628,5.4343595,-1,6/22/2012 12:49
1002-2012,6/22/2012 13:19,52.9323872,5.4350111,-1,6/22/2012 13:19
1002-2012,6/22/2012 13:49,52.9322471,5.434771,-1,6/22/2012 13:49
1002-2012,6/22/2012 14:20,52.9322727,5.4348009,-1,6/22/2012 14:20
1002-2012,6/22/2012 14:49,52.9321417,5.4348822,-1,6/22/2012 14:49
1002-2012,6/22/2012 15:20,52.9322949,5.4347604,-1,6/22/2012 15:20
1002-2012,6/22/2012 15:49,52.9324058,5.4348373,-1,6/22/2012 15:49
1002-2012,6/22/2012 16:19,52.9323421,5.4347146,-1,6/22/2012 16:19
1002-2012,6/22/2012 16:49,52.9320873,5.4350183,-1,6/22/2012 16:49
1002-2012,6/22/2012 17:20,52.9310893,5.4372451,-1,6/22/2012 17:20
1002-2012,6/22/2012 17:52,52.9310779,5.4372088,-1,6/22/2012 17:52
1002-2012,6/22/2012 18:22,52.9312637,5.4369076,-1,6/22/2012 18:22
1002-2012,6/22/2012 18:53,52.9311562,5.4370889,-1,6/22/2012 18:53
1002-2012,6/22/2012 20:27,52.9309177,5.4395284,2,6/22/2012 20:27
1002-2012,6/22/2012 21:59,52.9309753,5.4396152,2,6/22/2012 21:59
1002-2012,6/22/2012 23:29,52.9310284,5.4395905,2,6/22/2012 23:29
1002-2012,6/23/2012 0:59,52.9310183,5.4395774,2,6/23/2012 0:59
1002-2012,6/23/2012 2:30,52.9312314,5.4391115,2,6/23/2012 2:30
1002-2012,6/23/2012 4:00,52.9313839,5.4378717,-1,6/23/2012 4:00
1002-2012,6/23/2012 5:30,52.9324873,5.435042,-1,6/23/2012 5:30
1002-2012,6/23/2012 7:00,52.9326681,5.4335134,-1,6/23/2012 7:00
1002-2012,6/23/2012 7:30,52.9331358,5.4329843,-1,6/23/2012 7:30
1002-2012,6/23/2012 8:00,52.9333977,5.4332872,-1,6/23/2012 8:00
1002-2012,6/23/2012 8:30,52.933391,5.4330997,-1,6/23/2012 8:30
1002-2012,6/23/2012 9:00,52.9338538,5.4336263,-1,6/23/2012 9:00
1002-2012,6/23/2012 9:30,52.9334349,5.4335587,-1,6/23/2012 9:30
1002-2012,6/23/2012 10:23,52.9333724,5.4342876,-1,6/23/2012 10:23
1002-2012,6/23/2012 10:53,52.9332452,5.4339265,-1,6/23/2012 10:53
1002-2012,6/23/2012 11:24,52.9327067,5.4340836,-1,6/23/2012 11:24
1002-2012,6/23/2012 11:54,52.9326651,5.4341758,-1,6/23/2012 11:54
1002-2012,6/23/2012 12:24,52.9327536,5.4339718,-1,6/23/2012 12:24
1002-2012,6/23/2012 12:55,52.9326082,5.4339299,-1,6/23/2012 12:55
1002-2012,6/23/2012 13:25,52.9327924,5.4338755,-1,6/23/2012 13:25
1002-2012,6/23/2012 13:54,52.932784,5.4335104,-1,6/23/2012 13:54
1002-2012,6/23/2012 14:24,52.9327955,5.4334,-1,6/23/2012 14:24
1002-2012,6/23/2012 14:54,52.9326417,5.4335235,-1,6/23/2012 14:54
1002-2012,6/23/2012 15:24,52.9333171,5.4342599,-1,6/23/2012 15:24
1002-2012,6/23/2012 15:55,52.9331639,5.4336796,-1,6/23/2012 15:55
1002-2012,6/23/2012 16:25,52.932998,5.433518,-1,6/23/2012 16:25
1002-2012,6/23/2012 16:55,52.933197,5.4338332,-1,6/23/2012 16:55
1002-2012,6/23/2012 17:25,52.9329168,5.4337449,-1,6/23/2012 17:25
1002-2012,6/23/2012 17:55,52.933335,5.4338205,-1,6/23/2012 17:55
1002-2012,6/23/2012 18:25,52.9335442,5.4334832,-1,6/23/2012 18:25
1002-2012,6/23/2012 18:55,52.9308617,5.4379297,-1,6/23/2012 18:55
1002-2012,6/23/2012 19:56,52.9311718,5.4373019,-1,6/23/2012 19:56
1002-2012,6/23/2012 20:57,52.9313579,5.4393352,2,6/23/2012 20:57
1002-2012,6/23/2012 21:57,52.9310922,5.4393331,2,6/23/2012 21:57
1002-2012,6/23/2012 22:57,52.9310988,5.4392541,2,6/23/2012 22:57
1002-2012,6/23/2012 23:58,52.9310922,5.4393371,2,6/23/2012 23:58
1002-2012,6/24/2012 0:58,52.9311026,5.4393543,2,6/24/2012 0:58
1002-2012,6/24/2012 1:58,52.9311271,5.4393328,2,6/24/2012 1:58
1002-2012,6/24/2012 2:59,52.9311785,5.4392313,2,6/24/2012 2:59
1002-2012,6/24/2012 3:59,52.9334794,5.433793,-1,6/24/2012 3:59
1002-2012,6/24/2012 5:00,52.9335867,5.4339473,-1,6/24/2012 5:00
1002-2012,6/24/2012 6:00,52.9338277,5.4351768,-1,6/24/2012 6:00
1002-2012,6/24/2012 7:00,52.9338948,5.4349952,-1,6/24/2012 7:00
1002-2012,6/24/2012 8:00,52.9345131,5.434839,-1,6/24/2012 8:00
1002-2012,6/24/2012 9:00,52.9338434,5.4349385,-1,6/24/2012 9:00
1002-2012,6/24/2012 10:01,52.9338421,5.4350774,-1,6/24/2012 10:01
1002-2012,6/24/2012 11:01,52.9337222,5.4351267,-1,6/24/2012 11:01
1002-2012,6/24/2012 12:03,52.9339092,5.4349394,-1,6/24/2012 12:03
1002-2012,6/24/2012 13:04,52.9338022,5.4347217,-1,6/24/2012 13:04
1002-2012,6/24/2012 14:05,52.9339006,5.4352025,-1,6/24/2012 14:05
1002-2012,6/24/2012 15:05,52.9338483,5.4348124,-1,6/24/2012 15:05
1002-2012,6/24/2012 16:07,52.9338164,5.4348628,-1,6/24/2012 16:07
1002-2012,6/24/2012 17:07,52.9338512,5.4350515,-1,6/24/2012 17:07
1002-2012,6/24/2012 18:08,52.9338252,5.4347878,-1,6/24/2012 18:08
1002-2012,6/24/2012 19:08,52.9337972,5.4350158,-1,6/24/2012 19:08
1002-2012,6/24/2012 20:09,52.9310704,5.4373444,-1,6/24/2012 20:09
1002-2012,6/24/2012 21:10,52.9310667,5.4392017,2,6/24/2012 21:10
1002-2012,6/24/2012 22:10,52.9312214,5.4391655,2,6/24/2012 22:10
1002-2012,6/24/2012 23:10,52.9312378,5.4391342,2,6/24/2012 23:10
1002-2012,6/25/2012 0:10,52.931265,5.4391436,2,6/25/2012 0:10
1002-2012,6/25/2012 1:11,52.9312359,5.4393272,2,6/25/2012 1:11
1002-2012,6/25/2012 2:11,52.9312763,5.4392134,2,6/25/2012 2:11
