*,date_time,longitude,latitude,b,id
1,5/24/2015 2:21,5.435,52.933,4,144429-2015
2,5/24/2015 4:00,5.44,52.925,4,144429-2015
3,5/24/2015 5:01,5.44,52.926,4,144429-2015
4,5/24/2015 5:01,5.439,52.926,4,144429-2015
5,5/24/2015 5:58,5.442,52.925,4,144429-2015
6,5/24/2015 7:39,5.444,52.929,4,144429-2015
7,5/25/2015 9:02,5.437,52.928,4,144429-2015
8,5/25/2015 9:56,5.436,52.928,4,144429-2015
9,5/25/2015 10:46,5.441,52.927,4,144429-2015
10,5/25/2015 11:57,5.446,52.929,4,144429-2015
11,5/25/2015 12:25,5.45,52.926,4,144429-2015
12,5/25/2015 13:03,5.447,52.937,4,144429-2015
13,5/25/2015 13:38,5.442,52.926,4,144429-2015
14,5/25/2015 13:44,5.442,52.926,4,144429-2015
15,5/25/2015 14:42,5.442,52.929,4,144429-2015
16,5/25/2015 15:17,5.438,52.927,4,144429-2015
17,5/26/2015 16:13,5.463,52.937,4,144429-2015
18,5/26/2015 16:34,5.439,52.94,4,144429-2015
19,5/26/2015 17:54,5.436,52.939,4,144429-2015
20,5/26/2015 18:12,5.428,52.931,4,144429-2015
21,5/26/2015 20:11,5.422,52.926,4,144429-2015
22,5/26/2015 21:52,5.422,52.933,4,144429-2015
23,5/28/2015 1:34,5.444,52.928,2,144429-2015
24,5/28/2015 3:15,5.428,52.94,-1,144429-2015
25,5/28/2015 4:16,5.426,52.912,-1,144429-2015
26,5/28/2015 4:37,5.43,52.925,-1,144429-2015
27,5/28/2015 5:55,5.441,52.939,-1,144429-2015
28,5/28/2015 5:58,5.445,52.938,-1,144429-2015
29,5/28/2015 6:18,5.44,52.937,-1,144429-2015
30,5/29/2015 7:13,5.539,53.049,-1,144429-2015
31,5/29/2015 7:27,5.538,53.052,-1,144429-2015
32,5/29/2015 9:20,5.535,53.048,-1,144429-2015
33,5/29/2015 10:11,5.531,53.052,-1,144429-2015
34,5/29/2015 11:02,5.54,53.05,-1,144429-2015
35,5/29/2015 12:38,5.54,53.052,-1,144429-2015
36,5/29/2015 12:53,5.507,53.044,-1,144429-2015
37,5/29/2015 14:36,5.528,53.054,-1,144429-2015
38,5/30/2015 14:53,5.517,53.005,-1,144429-2015
39,5/30/2015 15:27,5.551,53.001,-1,144429-2015
40,5/30/2015 16:34,5.565,53.005,2,144429-2015
41,5/30/2015 17:08,5.57,53,2,144429-2015
42,5/30/2015 17:17,5.569,53.001,2,144429-2015
43,5/30/2015 18:13,5.541,52.967,-1,144429-2015
44,5/30/2015 18:49,5.559,53.002,-1,144429-2015
45,5/30/2015 18:56,5.564,52.999,2,144429-2015
46,5/30/2015 19:44,5.559,53.005,-1,144429-2015
47,5/30/2015 20:28,5.549,53.002,-1,144429-2015
48,5/30/2015 21:21,5.549,53.007,-1,144429-2015
49,5/30/2015 22:08,5.566,53.005,2,144429-2015
50,5/31/2015 21:50,5.443,52.932,2,144429-2015
51,6/1/2015 0:49,5.443,52.918,-1,144429-2015
52,6/1/2015 2:28,5.441,52.931,2,144429-2015
53,6/1/2015 4:07,5.44,52.925,2,144429-2015
54,6/1/2015 4:14,5.44,52.926,2,144429-2015
55,6/1/2015 5:12,5.44,52.934,2,144429-2015
56,6/2/2015 5:17,5.466,53,-1,144429-2015
57,6/2/2015 5:34,5.441,52.997,-1,144429-2015
58,6/2/2015 6:40,5.448,52.997,-1,144429-2015
59,6/2/2015 6:59,5.448,52.996,-1,144429-2015
60,6/2/2015 7:14,5.447,52.997,-1,144429-2015
61,6/2/2015 9:38,5.447,52.997,-1,144429-2015
62,6/2/2015 11:17,5.445,52.996,-1,144429-2015
63,6/2/2015 12:09,5.446,52.996,-1,144429-2015
64,6/3/2015 13:41,5.436,53.011,-1,144429-2015
65,6/3/2015 14:44,5.433,52.991,-1,144429-2015
66,6/3/2015 14:56,5.433,52.992,-1,144429-2015
67,6/3/2015 16:20,5.446,52.994,-1,144429-2015
68,6/3/2015 16:37,5.447,52.996,-1,144429-2015
69,6/3/2015 16:54,5.452,53,-1,144429-2015
70,6/3/2015 18:17,5.451,52.99,-1,144429-2015
71,6/3/2015 18:33,5.458,52.993,-1,144429-2015
72,6/3/2015 19:05,5.448,52.996,-1,144429-2015
73,6/3/2015 19:59,5.417,52.982,-1,144429-2015
74,6/3/2015 20:13,5.402,52.98,-1,144429-2015
75,6/3/2015 20:40,5.408,52.98,-1,144429-2015
76,6/4/2015 22:02,5.684,53.147,-1,144429-2015
77,6/5/2015 1:49,5.68,53.146,-1,144429-2015
78,6/5/2015 3:26,5.696,53.145,-1,144429-2015
79,6/5/2015 3:47,5.796,53.168,-1,144429-2015
80,6/6/2015 4:13,5.692,53.144,-1,144429-2015
81,6/6/2015 4:53,5.702,53.144,-1,144429-2015
82,6/6/2015 5:33,5.689,53.141,-1,144429-2015
83,6/6/2015 5:52,5.691,53.142,-1,144429-2015
84,6/6/2015 6:32,5.705,53.154,-1,144429-2015
85,6/6/2015 7:11,5.692,53.144,-1,144429-2015
86,6/6/2015 7:32,5.693,53.143,-1,144429-2015
87,6/6/2015 9:04,5.699,53.139,-1,144429-2015
88,6/6/2015 9:58,5.694,53.141,-1,144429-2015
89,6/6/2015 11:34,5.717,53.153,-1,144429-2015
90,6/7/2015 12:54,5.109,53.074,-1,144429-2015
91,6/7/2015 12:56,5.593,53.116,-1,144429-2015
92,6/7/2015 14:36,5.679,53.146,-1,144429-2015
93,6/7/2015 14:56,5.695,53.137,-1,144429-2015
94,6/7/2015 15:36,5.707,53.146,-1,144429-2015
95,6/7/2015 16:37,5.759,53.182,-1,144429-2015
96,6/7/2015 17:17,5.919,53.312,2,144429-2015
97,6/7/2015 18:07,6.02,53.356,2,144429-2015
98,6/7/2015 18:20,6.003,53.365,2,144429-2015
99,6/7/2015 19:23,6.011,53.356,2,144429-2015
100,6/8/2015 19:16,6.32,53.258,2,144429-2015
101,6/8/2015 19:51,6.241,53.363,2,144429-2015
102,6/8/2015 20:42,6.182,53.363,2,144429-2015
103,6/8/2015 20:55,6.166,53.373,2,144429-2015
104,6/9/2015 1:01,6.161,53.347,2,144429-2015
105,6/9/2015 2:39,6.187,53.338,2,144429-2015
106,6/10/2015 2:35,6.19,53.349,2,144429-2015
107,6/10/2015 4:07,6.101,53.368,2,144429-2015
108,6/10/2015 4:27,6.107,53.369,2,144429-2015
109,6/10/2015 5:07,6.092,53.369,2,144429-2015
110,6/10/2015 5:36,6.165,53.28,2,144429-2015
111,6/10/2015 6:09,6.235,53.322,2,144429-2015
112,6/10/2015 6:48,6.204,53.276,2,144429-2015
113,6/10/2015 7:15,6.201,53.277,2,144429-2015
114,6/10/2015 10:11,6.201,53.296,2,144429-2015
115,6/11/2015 11:32,6.16,53.345,2,144429-2015
116,6/11/2015 12:08,6.162,53.343,2,144429-2015
117,6/11/2015 13:10,6.162,53.345,2,144429-2015
118,6/11/2015 13:52,6.162,53.351,2,144429-2015
119,6/11/2015 14:52,6.158,53.351,2,144429-2015
120,6/11/2015 16:29,6.16,53.35,2,144429-2015
121,6/11/2015 16:37,6.164,53.351,2,144429-2015
122,6/11/2015 17:41,6.161,53.352,2,144429-2015
123,6/12/2015 17:43,5.537,53.048,-1,144429-2015
124,6/12/2015 17:50,5.358,52.991,-1,144429-2015
125,6/12/2015 18:39,5.528,52.915,-1,144429-2015
126,6/12/2015 18:49,5.466,52.938,-1,144429-2015
127,6/12/2015 19:19,5.465,52.94,-1,144429-2015
128,6/12/2015 20:10,5.441,52.932,2,144429-2015
129,6/12/2015 20:54,5.443,52.931,2,144429-2015
130,6/14/2015 1:47,5.409,52.976,-1,144429-2015
131,6/14/2015 3:26,5.442,52.974,-1,144429-2015
132,6/14/2015 4:03,5.428,52.951,-1,144429-2015
133,6/14/2015 4:24,5.431,52.953,-1,144429-2015
134,6/14/2015 5:08,5.517,52.962,-1,144429-2015
135,6/14/2015 5:37,5.424,52.955,-1,144429-2015
136,6/14/2015 5:40,5.43,52.955,-1,144429-2015
137,6/14/2015 6:02,5.429,52.954,-1,144429-2015
138,6/14/2015 7:13,5.425,52.952,-1,144429-2015
139,6/14/2015 8:20,5.445,52.949,-1,144429-2015
140,6/15/2015 9:23,5.567,53.007,2,144429-2015
141,6/15/2015 10:11,5.571,53.003,2,144429-2015
142,6/15/2015 11:28,5.583,53.004,2,144429-2015
143,6/15/2015 13:04,5.558,52.993,-1,144429-2015
144,6/15/2015 14:48,5.537,52.982,-1,144429-2015
145,6/15/2015 14:55,5.564,52.995,-1,144429-2015
146,6/15/2015 15:42,5.552,52.987,-1,144429-2015
147,6/16/2015 16:13,5.693,53.017,-1,144429-2015
148,6/16/2015 17:10,5.689,53.014,-1,144429-2015
149,6/16/2015 17:13,5.56,52.978,-1,144429-2015
150,6/16/2015 17:52,5.555,52.974,-1,144429-2015
151,6/16/2015 19:36,5.547,52.975,-1,144429-2015
152,6/16/2015 20:26,5.59,52.982,-1,144429-2015
153,6/16/2015 21:16,5.573,52.979,-1,144429-2015
154,6/18/2015 1:00,5.568,52.999,2,144429-2015
155,6/18/2015 2:39,5.572,53.004,2,144429-2015
156,6/18/2015 4:18,5.558,52.986,-1,144429-2015
157,6/18/2015 5:16,5.549,52.976,-1,144429-2015
158,6/18/2015 5:34,5.555,52.977,-1,144429-2015
159,6/18/2015 6:56,5.555,52.984,-1,144429-2015
160,6/19/2015 6:25,5.448,52.997,-1,144429-2015
161,6/19/2015 6:45,5.469,52.982,-1,144429-2015
162,6/19/2015 6:51,5.448,52.997,-1,144429-2015
163,6/19/2015 8:44,5.442,53.002,-1,144429-2015
164,6/19/2015 10:25,5.439,53.003,-1,144429-2015
165,6/19/2015 11:41,5.446,52.998,-1,144429-2015
166,6/19/2015 12:23,5.411,52.995,-1,144429-2015
167,6/19/2015 13:18,5.392,53,-1,144429-2015
168,6/19/2015 14:02,5.447,53.001,-1,144429-2015
169,6/20/2015 13:56,5.395,53.054,-1,144429-2015
170,6/20/2015 14:33,5.388,53.126,-1,144429-2015
171,6/20/2015 14:44,5.578,53.19,-1,144429-2015
172,6/20/2015 15:33,5.313,53.048,-1,144429-2015
173,6/20/2015 16:13,5.405,52.99,-1,144429-2015
174,6/20/2015 16:25,5.452,52.998,-1,144429-2015
175,6/20/2015 17:53,5.449,52.998,-1,144429-2015
176,6/20/2015 18:00,5.446,53,-1,144429-2015
177,6/20/2015 18:09,5.445,53,-1,144429-2015
178,6/20/2015 19:36,5.467,53.029,-1,144429-2015
179,6/20/2015 19:54,5.573,53.002,2,144429-2015
180,6/20/2015 20:48,5.574,53.002,2,144429-2015
181,6/20/2015 21:35,5.575,53.003,2,144429-2015
182,6/21/2015 21:09,5.374,53.079,-1,144429-2015
183,6/22/2015 1:56,5.414,53.005,-1,144429-2015
184,6/22/2015 3:31,5.419,53.003,-1,144429-2015
185,6/22/2015 4:50,5.355,52.982,-1,144429-2015
186,6/23/2015 5:13,5.48,52.989,-1,144429-2015
187,6/23/2015 5:58,5.481,52.989,-1,144429-2015
188,6/23/2015 5:59,5.478,52.989,-1,144429-2015
189,6/23/2015 6:53,5.484,52.986,-1,144429-2015
190,6/23/2015 9:02,5.49,52.987,-1,144429-2015
191,6/23/2015 9:56,5.494,52.985,-1,144429-2015
192,6/23/2015 10:44,5.491,52.986,-1,144429-2015
193,6/23/2015 11:39,5.481,52.987,-1,144429-2015
194,6/24/2015 12:04,5.496,52.991,-1,144429-2015
195,6/24/2015 13:02,5.49,52.99,-1,144429-2015
196,6/24/2015 14:03,5.474,52.987,-1,144429-2015
197,6/24/2015 15:38,5.485,52.986,-1,144429-2015
198,6/24/2015 16:14,5.504,52.99,-1,144429-2015
199,6/24/2015 17:23,5.482,52.986,-1,144429-2015
200,6/24/2015 17:32,5.496,52.986,-1,144429-2015
201,6/24/2015 18:34,5.507,52.98,-1,144429-2015
202,6/24/2015 19:11,5.567,53.001,2,144429-2015
203,6/24/2015 19:26,5.574,53.003,2,144429-2015
204,6/25/2015 19:49,5.572,53.004,2,144429-2015
205,6/25/2015 20:16,5.572,53.004,2,144429-2015
206,6/25/2015 20:42,5.575,53.004,2,144429-2015
207,6/25/2015 21:30,5.573,53.004,2,144429-2015
208,6/26/2015 2:50,5.571,53.003,2,144429-2015
209,6/27/2015 3:54,5.416,52.994,-1,144429-2015
210,6/27/2015 5:13,5.417,52.993,-1,144429-2015
211,6/27/2015 5:16,5.417,52.993,-1,144429-2015
212,6/27/2015 5:33,5.419,52.994,-1,144429-2015
213,6/27/2015 6:53,5.419,52.992,-1,144429-2015
214,6/27/2015 6:55,5.417,52.99,-1,144429-2015
215,6/27/2015 9:20,5.421,52.994,-1,144429-2015
216,6/27/2015 10:10,5.453,52.987,-1,144429-2015
217,6/28/2015 10:42,5.425,52.993,-1,144429-2015
218,6/28/2015 12:17,5.403,52.968,-1,144429-2015
219,6/28/2015 12:24,5.413,52.976,-1,144429-2015
220,6/28/2015 14:02,5.422,52.996,-1,144429-2015
221,6/28/2015 14:54,5.423,52.993,-1,144429-2015
222,6/28/2015 16:14,5.415,52.994,-1,144429-2015
223,6/28/2015 16:34,5.426,52.993,-1,144429-2015
224,6/28/2015 17:59,5.431,52.993,-1,144429-2015
225,6/29/2015 18:07,5.446,53.013,-1,144429-2015
226,6/29/2015 18:14,5.406,52.998,-1,144429-2015
227,6/29/2015 18:25,5.409,52.997,-1,144429-2015
228,6/29/2015 19:55,5.425,52.987,-1,144429-2015
229,6/29/2015 20:03,5.417,52.988,-1,144429-2015
230,6/29/2015 20:58,5.397,52.998,-1,144429-2015
231,6/29/2015 21:43,5.398,52.997,-1,144429-2015
232,7/1/2015 3:28,5.415,52.988,-1,144429-2015
233,7/1/2015 3:36,5.419,52.983,-1,144429-2015
234,7/1/2015 4:27,5.419,52.985,-1,144429-2015
235,7/1/2015 5:07,5.421,52.986,-1,144429-2015
236,7/1/2015 5:14,5.416,52.986,-1,144429-2015
237,7/1/2015 6:08,5.417,52.989,-1,144429-2015
238,7/1/2015 6:49,5.419,52.971,-1,144429-2015
239,7/1/2015 6:54,5.419,52.989,-1,144429-2015
240,7/1/2015 8:50,5.418,52.988,-1,144429-2015
241,7/1/2015 9:35,5.45,52.985,-1,144429-2015
242,7/2/2015 9:16,5.411,52.986,-1,144429-2015
243,7/2/2015 10:12,5.416,52.986,-1,144429-2015
244,7/2/2015 11:00,5.45,52.976,-1,144429-2015
245,7/2/2015 12:34,5.435,52.982,-1,144429-2015
246,7/2/2015 13:18,5.42,52.983,-1,144429-2015
247,7/2/2015 14:34,5.42,52.975,-1,144429-2015
248,7/2/2015 15:49,5.439,52.983,-1,144429-2015
249,7/2/2015 16:15,5.396,52.975,-1,144429-2015
250,7/2/2015 16:43,5.395,52.976,-1,144429-2015
251,7/3/2015 17:21,5.414,53.006,-1,144429-2015
252,7/3/2015 17:29,5.411,53.003,-1,144429-2015
253,7/3/2015 17:51,5.406,53.004,-1,144429-2015
254,7/3/2015 18:44,5.379,52.997,-1,144429-2015
255,7/3/2015 19:31,5.411,53.002,-1,144429-2015
256,7/3/2015 19:38,5.408,53.004,-1,144429-2015
257,7/3/2015 20:23,5.382,52.997,-1,144429-2015
258,7/3/2015 21:17,5.384,52.988,-1,144429-2015
259,7/3/2015 22:01,5.392,52.981,-1,144429-2015
260,7/5/2015 1:11,5.531,52.986,-1,144429-2015
261,7/5/2015 2:49,5.573,53.003,2,144429-2015
262,7/5/2015 3:41,5.581,53,2,144429-2015
263,7/5/2015 4:44,5.582,53.004,2,144429-2015
264,7/5/2015 5:16,5.578,53.002,2,144429-2015
265,7/5/2015 5:21,5.575,53.002,2,144429-2015
266,7/5/2015 6:22,5.572,53.002,2,144429-2015
267,7/5/2015 6:54,5.568,53,2,144429-2015
268,7/5/2015 7:04,5.571,53.001,2,144429-2015
269,7/6/2015 9:33,5.569,52.996,-1,144429-2015
270,7/6/2015 10:27,5.573,53.002,2,144429-2015
271,7/6/2015 11:10,5.57,53.003,2,144429-2015
272,7/6/2015 12:33,5.571,52.995,-1,144429-2015
273,7/6/2015 12:52,5.572,52.995,-1,144429-2015
274,7/6/2015 14:13,5.575,52.993,-1,144429-2015
275,7/6/2015 15:03,5.568,52.999,2,144429-2015
276,7/7/2015 15:51,5.567,53.003,2,144429-2015
277,7/7/2015 16:30,5.568,53.004,2,144429-2015
278,7/7/2015 17:26,5.568,53.006,2,144429-2015
279,7/7/2015 17:32,5.567,53.005,2,144429-2015
280,7/7/2015 19:05,5.574,52.999,2,144429-2015
281,7/7/2015 19:52,5.569,53,2,144429-2015
282,7/7/2015 20:40,5.571,53.002,2,144429-2015
283,7/7/2015 22:25,5.569,53.004,2,144429-2015
284,7/9/2015 2:08,5.573,53.006,2,144429-2015
285,7/9/2015 3:45,5.565,52.99,-1,144429-2015
286,7/9/2015 4:36,5.57,53,2,144429-2015
287,7/9/2015 5:14,5.567,52.999,2,144429-2015
288,7/10/2015 6:32,-0.101,44.809,-1,144429-2015
289,7/10/2015 7:04,-0.408,44.561,-1,144429-2015
290,7/10/2015 7:43,-0.281,44.117,-1,144429-2015
291,7/10/2015 8:13,-0.334,43.938,-1,144429-2015
292,7/10/2015 8:18,-0.334,43.937,-1,144429-2015
293,7/10/2015 9:54,-0.945,43.274,-1,144429-2015
294,7/10/2015 10:41,-1.175,43.061,-1,144429-2015
295,7/10/2015 11:34,-1.264,42.77,-1,144429-2015
296,7/10/2015 11:44,-1.271,42.743,-1,144429-2015
297,7/10/2015 13:19,-1.587,42.414,-1,144429-2015
298,7/10/2015 14:12,-1.714,42.252,-1,144429-2015
299,7/11/2015 14:57,-6.167,36.812,-1,144429-2015
300,7/11/2015 17:24,-6.242,36.846,-1,144429-2015
301,7/11/2015 17:29,-6.23,36.859,-1,144429-2015
302,7/11/2015 18:43,-6.223,36.85,-1,144429-2015
303,7/11/2015 20:54,-6.241,36.856,-1,144429-2015
304,7/12/2015 22:15,-6.242,36.85,-1,144429-2015
305,7/13/2015 5:26,-6.243,36.855,-1,144429-2015
306,7/14/2015 6:33,-6.239,36.852,-1,144429-2015
307,7/14/2015 6:34,-6.241,36.853,-1,144429-2015
308,7/14/2015 7:04,-6.24,36.853,-1,144429-2015
309,7/14/2015 10:10,-6.134,36.825,-1,144429-2015
310,7/14/2015 11:04,-6.225,36.84,-1,144429-2015
311,7/14/2015 11:50,-6.257,36.875,-1,144429-2015
312,7/15/2015 17:32,-6.209,36.868,-1,144429-2015
313,7/15/2015 18:22,-6.226,36.863,-1,144429-2015
314,7/15/2015 19:57,-6.243,36.85,-1,144429-2015
315,7/15/2015 21:11,-6.252,36.865,-1,144429-2015
316,7/17/2015 2:21,-6.24,36.855,-1,144429-2015
317,7/17/2015 3:59,-6.241,36.853,-1,144429-2015
318,7/17/2015 5:01,-6.246,36.854,-1,144429-2015
319,7/17/2015 5:21,-6.246,36.853,-1,144429-2015
320,7/17/2015 6:28,-6.243,36.854,-1,144429-2015
321,7/17/2015 6:40,-6.244,36.854,-1,144429-2015
322,7/18/2015 7:48,-6.251,36.873,-1,144429-2015
323,7/18/2015 10:29,-6.253,36.854,-1,144429-2015
324,7/18/2015 13:33,-6.247,36.851,-1,144429-2015
325,7/18/2015 15:13,-6.245,36.858,-1,144429-2015
326,7/19/2015 17:30,-6.405,36.9,-1,144429-2015
327,7/19/2015 17:36,-6.333,36.941,-1,144429-2015
328,7/19/2015 17:52,-6.245,36.861,-1,144429-2015
329,7/19/2015 19:30,-6.24,36.851,-1,144429-2015
330,7/19/2015 21:26,-6.236,36.853,-1,144429-2015
331,7/19/2015 23:10,-6.235,36.853,-1,144429-2015
332,7/21/2015 3:16,-6.241,36.853,-1,144429-2015
333,7/21/2015 5:20,-6.242,36.853,-1,144429-2015
334,7/21/2015 6:13,-6.244,36.853,-1,144429-2015
335,7/21/2015 6:59,-6.242,36.853,-1,144429-2015
336,7/21/2015 7:22,-6.277,36.998,-1,144429-2015
337,7/22/2015 10:46,-6.38,37.072,-1,144429-2015
338,7/22/2015 14:31,-6.365,37.076,-1,144429-2015
339,7/23/2015 17:33,-6.328,37.085,-1,144429-2015
340,7/23/2015 18:25,-6.329,37.089,-1,144429-2015
341,7/23/2015 19:06,-6.378,37.073,-1,144429-2015
342,7/23/2015 21:01,-6.398,37.079,-1,144429-2015
343,7/23/2015 21:45,-6.378,37.074,-1,144429-2015
344,7/25/2015 4:14,-6.377,37.065,-1,144429-2015
345,7/25/2015 5:50,-6.378,37.073,-1,144429-2015
346,7/25/2015 7:03,-6.376,37.073,-1,144429-2015
347,7/26/2015 11:02,-6.415,37.091,-1,144429-2015
348,7/26/2015 13:46,-6.38,37.073,-1,144429-2015
349,7/26/2015 15:30,-6.392,37.068,-1,144429-2015
350,7/26/2015 16:12,-6.372,37.075,-1,144429-2015
351,7/27/2015 17:43,-6.372,37.072,-1,144429-2015
352,7/27/2015 18:40,-6.38,37.073,-1,144429-2015
353,7/27/2015 20:22,-6.382,37.076,-1,144429-2015
354,7/27/2015 21:17,-6.378,37.074,-1,144429-2015
355,7/27/2015 22:03,-6.378,37.076,-1,144429-2015
356,7/29/2015 3:28,-6.377,37.073,-1,144429-2015
357,7/29/2015 5:23,-6.377,37.068,-1,144429-2015
358,7/29/2015 5:24,-6.377,37.07,-1,144429-2015
359,7/29/2015 5:52,-6.377,37.072,-1,144429-2015
360,7/29/2015 7:05,-6.381,37.074,-1,144429-2015
361,7/29/2015 10:01,-6.37,37.074,-1,144429-2015
362,7/30/2015 11:20,-6.384,37.068,-1,144429-2015
363,7/30/2015 14:43,-6.377,37.069,-1,144429-2015
364,7/30/2015 17:07,-6.383,37.072,-1,144429-2015
365,7/30/2015 17:57,-6.447,37.068,-1,144429-2015
366,7/30/2015 18:46,-6.655,36.693,-1,144429-2015
367,7/30/2015 18:48,-6.589,36.756,-1,144429-2015
368,7/31/2015 19:08,-10.033,25.539,-1,144429-2015
369,7/31/2015 19:54,-9.924,25.123,-1,144429-2015
370,7/31/2015 20:35,-9.847,24.551,-1,144429-2015
371,7/31/2015 21:32,-9.691,24.175,-1,144429-2015
372,7/31/2015 22:14,-10.238,23.189,-1,144429-2015
373,7/31/2015 23:16,-10.355,22.737,-1,144429-2015
374,7/31/2015 23:58,-10.706,22.091,-1,144429-2015
375,8/1/2015 1:21,-10.777,21.988,-1,144429-2015
376,8/2/2015 5:33,-14.443,16.666,-1,144429-2015
377,8/2/2015 6:30,-14.452,16.665,-1,144429-2015
378,8/2/2015 6:50,-14.455,16.661,-1,144429-2015
379,8/2/2015 7:07,-14.448,16.661,-1,144429-2015
380,8/2/2015 10:22,-14.454,16.664,-1,144429-2015
381,8/3/2015 10:57,-14.448,16.668,-1,144429-2015
382,8/3/2015 11:44,-14.434,16.664,-1,144429-2015
383,8/3/2015 15:30,-14.463,16.691,-1,144429-2015
384,8/3/2015 17:51,-14.449,16.674,-1,144429-2015
385,8/3/2015 17:53,-14.448,16.67,-1,144429-2015
386,8/3/2015 18:28,-14.454,16.672,-1,144429-2015
387,8/4/2015 19:02,-13.953,16.383,-1,144429-2015
388,8/4/2015 19:21,-13.665,16.506,-1,144429-2015
389,8/4/2015 19:28,-13.828,16.592,-1,144429-2015
390,8/4/2015 20:53,-13.817,16.592,-1,144429-2015
391,8/4/2015 21:50,-13.799,16.582,-1,144429-2015
392,8/4/2015 22:32,-13.807,16.58,-1,144429-2015
393,8/5/2015 2:13,-13.779,16.599,-1,144429-2015
394,8/6/2015 3:42,-13.82,16.625,-1,144429-2015
395,8/6/2015 5:31,-13.821,16.628,-1,144429-2015
396,8/6/2015 6:04,-13.822,16.626,-1,144429-2015
397,8/6/2015 6:06,-13.822,16.625,-1,144429-2015
398,8/6/2015 7:05,-13.821,16.625,-1,144429-2015
399,8/6/2015 7:44,-13.818,16.624,-1,144429-2015
400,8/7/2015 14:45,-13.808,16.628,-1,144429-2015
401,8/7/2015 16:28,-13.821,16.62,-1,144429-2015
402,8/7/2015 17:07,-13.819,16.633,-1,144429-2015
403,8/7/2015 17:50,-13.826,16.624,-1,144429-2015
404,8/8/2015 19:09,-13.824,16.625,-1,144429-2015
405,8/8/2015 19:10,-13.822,16.625,-1,144429-2015
406,8/8/2015 21:09,-13.819,16.628,-1,144429-2015
407,8/8/2015 22:04,-13.825,16.624,-1,144429-2015
408,8/8/2015 22:49,-13.823,16.625,-1,144429-2015
409,8/10/2015 7:03,-13.831,16.625,-1,144429-2015
410,8/10/2015 7:12,-13.847,16.638,-1,144429-2015
411,8/10/2015 7:18,-13.839,16.631,-1,144429-2015
412,8/10/2015 9:21,-13.838,16.635,-1,144429-2015
413,8/10/2015 10:11,-13.857,16.638,-1,144429-2015
414,8/10/2015 10:58,-13.856,16.64,-1,144429-2015
415,8/11/2015 14:04,-13.845,16.614,-1,144429-2015
416,8/11/2015 15:41,-13.825,16.626,-1,144429-2015
417,8/11/2015 17:53,-13.837,16.619,-1,144429-2015
418,8/11/2015 17:59,-13.834,16.631,-1,144429-2015
419,8/12/2015 20:24,-13.836,16.636,-1,144429-2015
420,8/12/2015 21:25,-13.832,16.628,-1,144429-2015
421,8/12/2015 22:20,-13.834,16.628,-1,144429-2015
422,8/12/2015 23:07,-13.831,16.628,-1,144429-2015
423,8/13/2015 2:21,-13.85,16.642,-1,144429-2015
424,8/13/2015 4:06,-13.823,16.624,-1,144429-2015
425,8/14/2015 5:31,-13.826,16.625,-1,144429-2015
426,8/14/2015 6:13,-13.815,16.622,-1,144429-2015
427,8/14/2015 6:53,-13.822,16.625,-1,144429-2015
428,8/14/2015 9:36,-13.787,16.644,-1,144429-2015
429,8/14/2015 10:32,-13.819,16.621,-1,144429-2015
430,8/14/2015 11:15,-13.823,16.624,-1,144429-2015
431,8/15/2015 14:54,-13.859,16.615,-1,144429-2015
432,8/15/2015 17:17,-13.824,16.621,-1,144429-2015
433,8/15/2015 17:49,-13.822,16.623,-1,144429-2015
434,8/15/2015 18:44,-13.873,16.701,-1,144429-2015
435,8/15/2015 19:01,-13.882,16.695,-1,144429-2015
436,8/15/2015 19:33,-13.887,16.707,-1,144429-2015
437,8/16/2015 21:42,-13.834,16.627,-1,144429-2015
438,8/16/2015 22:37,-13.834,16.627,-1,144429-2015
439,8/16/2015 23:26,-13.833,16.629,-1,144429-2015
440,8/17/2015 3:18,-13.824,16.627,-1,144429-2015
441,8/18/2015 6:30,-13.822,16.624,-1,144429-2015
442,8/18/2015 7:10,-13.822,16.627,-1,144429-2015
443,8/18/2015 7:13,-13.819,16.627,-1,144429-2015
444,8/18/2015 9:51,-13.825,16.625,-1,144429-2015
445,8/18/2015 10:48,-13.816,16.624,-1,144429-2015
446,8/18/2015 11:33,-13.814,16.622,-1,144429-2015
447,8/19/2015 15:50,-13.821,16.628,-1,144429-2015
448,8/19/2015 17:55,-13.823,16.625,-1,144429-2015
449,8/19/2015 18:10,-13.818,16.627,-1,144429-2015
450,8/19/2015 18:24,-13.82,16.628,-1,144429-2015
451,8/19/2015 19:36,-13.854,16.519,-1,144429-2015
452,8/19/2015 20:03,-13.835,16.626,-1,144429-2015
453,8/19/2015 22:21,-13.826,16.63,-1,144429-2015
454,8/21/2015 2:37,-13.873,16.698,-1,144429-2015
455,8/21/2015 4:56,-13.879,16.686,-1,144429-2015
456,8/21/2015 6:34,-13.872,16.697,-1,144429-2015
457,8/21/2015 6:36,-13.876,16.694,-1,144429-2015
458,8/22/2015 10:11,-13.881,16.766,-1,144429-2015
459,8/22/2015 15:16,-13.881,16.771,-1,144429-2015
460,8/23/2015 17:26,-13.885,16.769,-1,144429-2015
461,8/23/2015 17:52,-13.886,16.772,-1,144429-2015
462,8/23/2015 19:07,-13.88,16.782,-1,144429-2015
463,8/23/2015 19:38,-13.885,16.769,-1,144429-2015
464,8/23/2015 21:54,-13.891,16.772,-1,144429-2015
465,8/23/2015 22:39,-13.889,16.792,-1,144429-2015
466,8/25/2015 3:27,-13.888,16.791,-1,144429-2015
467,8/25/2015 5:46,-13.891,16.791,-1,144429-2015
468,8/25/2015 5:54,-13.905,16.806,-1,144429-2015
469,8/26/2015 10:27,-13.885,16.769,-1,144429-2015
470,8/26/2015 14:31,-13.889,16.768,-1,144429-2015
471,8/27/2015 17:52,-13.92,16.638,-1,144429-2015
472,8/27/2015 18:19,-13.829,16.624,-1,144429-2015
473,8/27/2015 19:08,-13.833,16.64,-1,144429-2015
474,8/27/2015 21:13,-13.839,16.648,-1,144429-2015
475,8/27/2015 22:10,-13.844,16.643,-1,144429-2015
476,8/27/2015 22:56,-13.843,16.642,-1,144429-2015
477,8/29/2015 2:43,-13.843,16.643,-1,144429-2015
478,8/29/2015 4:24,-13.841,16.646,-1,144429-2015
479,8/29/2015 5:45,-13.85,16.647,-1,144429-2015
480,8/29/2015 5:58,-13.849,16.645,-1,144429-2015
481,8/29/2015 6:42,-13.843,16.642,-1,144429-2015
482,8/29/2015 7:23,-13.844,16.63,-1,144429-2015
483,8/29/2015 9:28,-13.842,16.62,-1,144429-2015
484,8/30/2015 10:42,-13.819,16.623,-1,144429-2015
485,8/30/2015 13:49,-13.809,16.626,-1,144429-2015
486,8/30/2015 15:27,-13.837,16.626,-1,144429-2015
487,8/30/2015 17:43,-13.83,16.588,-1,144429-2015
488,8/30/2015 18:19,-13.864,16.566,-1,144429-2015
489,8/31/2015 20:25,-13.906,16.631,-1,144429-2015
490,8/31/2015 21:32,-13.889,16.636,-1,144429-2015
491,8/31/2015 22:26,-13.894,16.629,-1,144429-2015
492,8/31/2015 23:16,-13.887,16.636,-1,144429-2015
493,9/2/2015 3:40,-13.89,16.632,-1,144429-2015
494,9/2/2015 6:02,-13.886,16.633,-1,144429-2015
495,9/2/2015 6:56,-13.891,16.634,-1,144429-2015
496,9/2/2015 7:37,-13.892,16.637,-1,144429-2015
497,9/2/2015 9:43,-13.882,16.62,-1,144429-2015
498,9/2/2015 10:38,-13.875,16.621,-1,144429-2015
499,9/3/2015 14:42,-13.888,16.631,-1,144429-2015
500,9/3/2015 16:59,-13.913,16.63,-1,144429-2015
501,9/3/2015 18:18,-13.877,16.633,-1,144429-2015
502,9/3/2015 18:40,-13.889,16.635,-1,144429-2015
503,9/4/2015 21:50,-13.889,16.631,-1,144429-2015
504,9/5/2015 3:04,-13.888,16.631,-1,144429-2015
505,9/6/2015 6:31,-13.889,16.636,-1,144429-2015
506,9/6/2015 6:49,-13.89,16.636,-1,144429-2015
507,9/6/2015 7:38,-13.889,16.635,-1,144429-2015
508,9/6/2015 10:00,-13.893,16.632,-1,144429-2015
509,9/6/2015 10:53,-13.89,16.635,-1,144429-2015
510,9/7/2015 14:02,-13.87,16.622,-1,144429-2015
511,9/7/2015 15:43,-13.891,16.635,-1,144429-2015
512,9/7/2015 17:56,-13.902,16.629,-1,144429-2015
513,9/7/2015 18:26,-13.891,16.633,-1,144429-2015
514,9/7/2015 20:07,-13.887,16.628,-1,144429-2015
515,9/10/2015 10:17,-13.886,16.633,-1,144429-2015
516,9/10/2015 15:04,-13.88,16.633,-1,144429-2015
517,9/11/2015 18:20,-13.878,16.633,-1,144429-2015
518,9/11/2015 18:51,-13.886,16.634,-1,144429-2015
519,9/11/2015 19:36,-13.883,16.63,-1,144429-2015
520,9/14/2015 14:24,-13.887,16.631,-1,144429-2015
521,9/15/2015 21:27,-13.885,16.616,-1,144429-2015
522,9/16/2015 2:46,-13.887,16.632,-1,144429-2015
523,9/17/2015 7:27,-13.887,16.633,-1,144429-2015
524,9/17/2015 11:12,-13.881,16.628,-1,144429-2015
525,9/18/2015 15:17,-13.885,16.633,-1,144429-2015
526,9/18/2015 17:06,-13.888,16.631,-1,144429-2015
527,9/18/2015 17:28,-13.888,16.632,-1,144429-2015
528,9/18/2015 18:47,-13.879,16.628,-1,144429-2015
529,9/18/2015 19:22,-13.882,16.63,-1,144429-2015
530,9/20/2015 3:37,-13.886,16.632,-1,144429-2015
531,9/20/2015 5:53,-13.887,16.631,-1,144429-2015
532,9/20/2015 7:32,-13.885,16.631,-1,144429-2015
533,9/21/2015 9:50,-13.891,16.63,-1,144429-2015
534,9/21/2015 10:44,-13.886,16.631,-1,144429-2015
535,9/21/2015 11:26,-13.884,16.628,-1,144429-2015
536,9/21/2015 14:43,-13.886,16.632,-1,144429-2015
537,9/22/2015 18:25,-13.884,16.634,-1,144429-2015
538,9/22/2015 18:47,-13.882,16.631,-1,144429-2015
539,9/22/2015 18:55,-13.894,16.632,-1,144429-2015
540,9/22/2015 21:36,-13.891,16.632,-1,144429-2015
541,9/24/2015 6:52,-13.888,16.637,-1,144429-2015
542,9/24/2015 7:07,-13.888,16.633,-1,144429-2015
543,9/25/2015 13:58,-13.874,16.637,-1,144429-2015
544,9/25/2015 15:37,-13.884,16.626,-1,144429-2015
545,9/26/2015 22:38,-13.888,16.63,-1,144429-2015
546,9/28/2015 6:39,-14.075,16.354,-1,144429-2015
547,9/28/2015 6:53,-14.068,16.358,-1,144429-2015
548,9/28/2015 10:42,-13.972,16.195,-1,144429-2015
549,9/29/2015 17:33,-13.968,16.203,-1,144429-2015
550,10/2/2015 10:21,-14.054,16.291,-1,144429-2015
551,10/2/2015 10:59,-14.074,16.303,-1,144429-2015
552,10/2/2015 14:17,-14.051,16.275,-1,144429-2015
553,10/3/2015 19:17,-14.085,16.299,-1,144429-2015
554,10/3/2015 19:45,-14.085,16.301,-1,144429-2015
555,10/5/2015 4:11,-14.103,16.331,-1,144429-2015
556,10/5/2015 5:39,-14.09,16.305,-1,144429-2015
557,10/5/2015 6:19,-14.091,16.309,-1,144429-2015
558,10/5/2015 6:20,-14.089,16.308,-1,144429-2015
559,10/5/2015 7:18,-14.092,16.309,-1,144429-2015
560,10/5/2015 9:56,-14.096,16.316,-1,144429-2015
561,10/5/2015 10:57,-14.097,16.289,-1,144429-2015
562,10/6/2015 15:13,-14.109,16.353,-1,144429-2015
563,10/6/2015 17:20,-14.116,16.35,-1,144429-2015
564,10/6/2015 18:00,-14.117,16.351,-1,144429-2015
565,10/6/2015 19:05,-14.095,16.374,-1,144429-2015
566,10/6/2015 19:51,-14.098,16.367,-1,144429-2015
567,10/7/2015 22:06,-14.093,16.367,-1,144429-2015
568,10/9/2015 7:16,-14.093,16.362,-1,144429-2015
569,10/9/2015 7:19,-14.097,16.365,-1,144429-2015
570,10/9/2015 7:33,-14.129,16.404,-1,144429-2015
571,10/9/2015 10:14,-14.117,16.348,-1,144429-2015
572,10/9/2015 14:37,-14.107,16.372,-1,144429-2015
573,10/10/2015 16:08,-14.093,16.319,-1,144429-2015
574,10/10/2015 18:04,-14.116,16.35,-1,144429-2015
575,10/10/2015 18:14,-14.115,16.35,-1,144429-2015
576,10/10/2015 21:06,-14.121,16.362,-1,144429-2015
577,10/13/2015 10:36,-14.072,16.432,-1,144429-2015
578,10/14/2015 19:04,-14.235,16.447,-1,144429-2015
579,10/16/2015 3:49,-14.229,16.445,-1,144429-2015
580,10/16/2015 5:39,-14.232,16.447,-1,144429-2015
581,10/16/2015 5:57,-14.232,16.447,-1,144429-2015
582,10/16/2015 11:14,-14.241,16.467,-1,144429-2015
583,10/17/2015 14:50,-14.219,16.471,-1,144429-2015
584,10/18/2015 21:39,-14.238,16.443,-1,144429-2015
585,10/20/2015 6:50,-14.311,16.545,-1,144429-2015
586,10/20/2015 6:51,-14.311,16.545,-1,144429-2015
587,10/20/2015 9:50,-14.352,16.512,-1,144429-2015
588,10/20/2015 11:29,-14.359,16.501,-1,144429-2015
589,10/21/2015 15:44,-14.351,16.514,-1,144429-2015
590,10/24/2015 10:06,-14.348,16.509,-1,144429-2015
591,10/24/2015 11:47,-14.349,16.504,-1,144429-2015
592,10/24/2015 17:18,-14.326,16.499,-1,144429-2015
593,10/27/2015 6:27,-14.354,16.507,-1,144429-2015
594,10/27/2015 6:32,-14.354,16.507,-1,144429-2015
595,10/27/2015 7:09,-14.353,16.509,-1,144429-2015
596,10/28/2015 14:25,-14.351,16.503,-1,144429-2015
597,10/28/2015 16:07,-14.342,16.51,-1,144429-2015
598,10/28/2015 18:09,-14.32,16.513,-1,144429-2015
599,10/28/2015 18:50,-14.346,16.52,-1,144429-2015
600,10/29/2015 22:04,-14.346,16.522,-1,144429-2015
601,10/29/2015 22:52,-14.346,16.52,-1,144429-2015
602,10/30/2015 2:55,-14.363,16.517,-1,144429-2015
603,10/31/2015 7:41,-14.353,16.511,-1,144429-2015
604,10/31/2015 10:17,-14.365,16.51,-1,144429-2015
605,10/31/2015 11:03,-14.361,16.511,-1,144429-2015
606,11/1/2015 17:24,-14.354,16.525,-1,144429-2015
607,11/1/2015 18:56,-14.354,16.527,-1,144429-2015
608,11/1/2015 19:05,-14.354,16.53,-1,144429-2015
609,11/1/2015 19:35,-14.354,16.526,-1,144429-2015
610,11/4/2015 10:33,-14.327,16.512,-1,144429-2015
611,11/5/2015 19:09,-14.296,16.509,-1,144429-2015
612,11/7/2015 4:42,-14.31,16.506,-1,144429-2015
613,11/7/2015 5:44,-14.318,16.516,-1,144429-2015
614,11/8/2015 14:04,-14.319,16.368,-1,144429-2015
615,11/8/2015 15:44,-14.317,16.508,-1,144429-2015
616,11/8/2015 17:37,-14.323,16.547,-1,144429-2015
617,11/8/2015 17:47,-14.324,16.517,-1,144429-2015
618,11/8/2015 19:15,-14.306,16.533,-1,144429-2015
619,11/9/2015 22:25,-14.32,16.516,-1,144429-2015
620,11/10/2015 4:10,-14.322,16.517,-1,144429-2015
621,11/11/2015 5:59,-14.32,16.516,-1,144429-2015
622,11/11/2015 6:56,-14.324,16.52,-1,144429-2015
623,11/11/2015 6:57,-14.318,16.517,-1,144429-2015
624,11/11/2015 7:36,-14.328,16.515,-1,144429-2015
625,11/12/2015 14:58,-14.344,16.499,-1,144429-2015
626,11/12/2015 16:56,-14.245,16.626,-1,144429-2015
627,11/12/2015 17:39,-14.324,16.519,-1,144429-2015
628,11/12/2015 18:38,-14.317,16.517,-1,144429-2015
629,11/14/2015 3:24,-14.327,16.519,-1,144429-2015
630,11/15/2015 10:06,-14.329,16.511,-1,144429-2015
631,11/15/2015 10:49,-14.325,16.513,-1,144429-2015
632,11/15/2015 14:26,-14.318,16.507,-1,144429-2015
633,11/16/2015 17:42,-13.202,16.169,-1,144429-2015
634,11/16/2015 17:51,-13.219,16.183,-1,144429-2015
635,11/16/2015 20:10,-13.193,16.179,-1,144429-2015
636,11/16/2015 21:38,-13.208,16.187,-1,144429-2015
637,11/18/2015 2:41,-13.208,16.185,-1,144429-2015
638,11/18/2015 5:43,-13.208,16.184,-1,144429-2015
639,11/18/2015 6:16,-13.209,16.186,-1,144429-2015
640,11/18/2015 6:37,-13.206,16.186,-1,144429-2015
641,11/18/2015 7:24,-13.196,16.188,-1,144429-2015
642,11/19/2015 11:10,-13.199,16.184,-1,144429-2015
643,11/19/2015 15:19,-13.204,16.186,-1,144429-2015
644,11/20/2015 21:55,-13.229,16.191,-1,144429-2015
645,11/22/2015 5:30,-13.216,16.186,-1,144429-2015
646,11/22/2015 5:48,-13.222,16.193,-1,144429-2015
647,11/22/2015 6:12,-13.222,16.193,-1,144429-2015
648,11/22/2015 7:13,-13.214,16.196,-1,144429-2015
649,11/23/2015 14:33,-13.21,16.191,-1,144429-2015
650,11/23/2015 18:05,-13.246,16.196,-1,144429-2015
651,11/23/2015 18:16,-13.227,16.199,-1,144429-2015
652,11/23/2015 19:42,-13.242,16.197,-1,144429-2015
653,11/26/2015 8:47,-12.303,16.434,-1,144429-2015
654,11/26/2015 10:23,-12.583,16.061,-1,144429-2015
655,11/26/2015 14:01,-12.597,16.12,-1,144429-2015
656,11/26/2015 15:43,-12.599,16.06,-1,144429-2015
657,11/27/2015 17:27,-12.604,16.066,-1,144429-2015
658,11/27/2015 18:06,-12.602,16.066,-1,144429-2015
659,11/27/2015 19:21,-12.6,16.067,-1,144429-2015
660,11/27/2015 21:11,-12.631,16.044,-1,144429-2015
661,11/27/2015 22:05,-12.605,16.065,-1,144429-2015
662,11/27/2015 22:52,-12.599,16.075,-1,144429-2015
663,11/29/2015 3:56,-12.6,16.066,-1,144429-2015
664,11/29/2015 5:51,-12.599,16.064,-1,144429-2015
665,11/29/2015 5:52,-12.6,16.064,-1,144429-2015
666,11/29/2015 6:17,-12.601,16.065,-1,144429-2015
667,11/30/2015 10:38,-12.598,16.064,-1,144429-2015
668,11/30/2015 14:56,-12.621,16.06,-1,144429-2015
669,12/1/2015 18:08,-12.606,16.069,-1,144429-2015
670,12/1/2015 18:21,-12.595,16.071,-1,144429-2015
671,12/1/2015 18:51,-12.601,16.071,-1,144429-2015
672,12/1/2015 21:27,-12.599,16.071,-1,144429-2015
673,12/1/2015 23:09,-12.605,16.075,-1,144429-2015
674,12/3/2015 3:11,-12.595,16.075,-1,144429-2015
675,12/3/2015 6:14,-12.603,16.069,-1,144429-2015
676,12/3/2015 9:39,-12.602,16.062,-1,144429-2015
677,12/3/2015 10:31,-12.6,16.066,-1,144429-2015
678,12/4/2015 14:13,-12.608,16.077,-1,144429-2015
679,12/4/2015 15:54,-12.602,16.059,-1,144429-2015
680,12/4/2015 17:46,-12.604,16.057,-1,144429-2015
681,12/4/2015 18:30,-12.596,16.071,-1,144429-2015
682,12/4/2015 19:03,-12.605,16.07,-1,144429-2015
683,12/5/2015 21:45,-12.601,16.07,-1,144429-2015
684,12/5/2015 22:38,-12.602,16.072,-1,144429-2015
685,12/6/2015 2:39,-12.597,16.072,-1,144429-2015
686,12/6/2015 4:14,-12.599,16.083,-1,144429-2015
687,12/7/2015 6:12,-12.602,16.072,-1,144429-2015
688,12/7/2015 6:39,-12.614,16.068,-1,144429-2015
689,12/7/2015 7:38,-12.619,16.059,-1,144429-2015
690,12/7/2015 9:53,-12.605,16.066,-1,144429-2015
691,12/7/2015 11:36,-12.609,16.056,-1,144429-2015
692,12/8/2015 15:06,-12.61,16.071,-1,144429-2015
693,12/8/2015 16:57,-12.615,16.063,-1,144429-2015
694,12/8/2015 18:31,-12.599,16.072,-1,144429-2015
695,12/8/2015 18:34,-12.599,16.071,-1,144429-2015
696,12/8/2015 18:42,-12.599,16.072,-1,144429-2015
697,12/8/2015 22:24,-12.6,16.071,-1,144429-2015
698,12/10/2015 3:32,-12.609,16.076,-1,144429-2015
699,12/10/2015 5:25,-12.607,16.073,-1,144429-2015
700,12/10/2015 7:05,-12.611,16.063,-1,144429-2015
701,12/11/2015 10:11,-12.617,16.069,-1,144429-2015
702,12/11/2015 14:32,-12.616,16.067,-1,144429-2015
703,12/12/2015 17:52,-12.595,16.074,-1,144429-2015
704,12/12/2015 18:31,-12.589,16.076,-1,144429-2015
705,12/12/2015 22:42,-12.594,16.08,-1,144429-2015
706,12/14/2015 2:49,-12.601,16.082,-1,144429-2015
707,12/15/2015 15:29,-12.603,16.075,-1,144429-2015
708,12/15/2015 18:15,-12.596,16.092,-1,144429-2015
709,12/15/2015 18:59,-12.603,16.072,-1,144429-2015
710,12/15/2015 19:00,-12.598,16.068,-1,144429-2015
711,12/16/2015 21:20,-12.594,16.063,-1,144429-2015
712,12/16/2015 22:13,-12.595,16.062,-1,144429-2015
713,12/17/2015 2:16,-12.597,16.065,-1,144429-2015
714,12/18/2015 5:33,-12.599,16.074,-1,144429-2015
715,12/18/2015 5:53,-12.6,16.071,-1,144429-2015
716,12/18/2015 9:28,-12.596,16.068,-1,144429-2015
717,12/18/2015 11:10,-12.602,16.067,-1,144429-2015
718,12/19/2015 14:44,-12.613,16.071,-1,144429-2015
719,12/19/2015 18:13,-12.605,16.07,-1,144429-2015
720,12/19/2015 19:25,-12.602,16.073,-1,144429-2015
721,12/19/2015 21:56,-12.618,16.069,-1,144429-2015
722,12/22/2015 9:41,-12.614,16.076,-1,144429-2015
723,12/22/2015 10:37,-12.608,16.067,-1,144429-2015
724,12/22/2015 11:24,-12.617,16.071,-1,144429-2015
725,12/22/2015 14:08,-12.623,16.078,-1,144429-2015
726,12/22/2015 15:50,-12.638,16.073,-1,144429-2015
727,12/23/2015 18:59,-12.621,16.074,-1,144429-2015
728,12/23/2015 19:05,-12.77,16.107,-1,144429-2015
729,12/23/2015 22:13,-12.588,16.11,-1,144429-2015
730,12/25/2015 4:03,-12.591,16.107,-1,144429-2015
731,12/25/2015 5:55,-12.6,16.071,-1,144429-2015
732,12/25/2015 7:02,-12.589,16.111,-1,144429-2015
733,12/25/2015 7:12,-12.581,16.072,-1,144429-2015
734,12/25/2015 10:24,-12.641,16.076,-1,144429-2015
735,12/26/2015 15:04,-12.622,16.074,-1,144429-2015
736,12/26/2015 16:53,-12.629,16.07,-1,144429-2015
737,12/26/2015 17:48,-12.588,16.082,-1,144429-2015
738,12/26/2015 18:29,-12.586,16.084,-1,144429-2015
739,12/26/2015 19:10,-12.576,16.091,-1,144429-2015
740,12/27/2015 21:46,-12.614,16.073,-1,144429-2015
741,12/27/2015 22:32,-12.611,16.074,-1,144429-2015
742,12/28/2015 3:27,-12.609,16.073,-1,144429-2015
743,12/29/2015 6:47,-12.583,16.076,-1,144429-2015
744,12/29/2015 7:03,-12.588,16.081,-1,144429-2015
745,12/30/2015 16:04,-12.579,16.087,-1,144429-2015
746,12/30/2015 17:45,-12.593,16.074,-1,144429-2015
747,12/30/2015 17:45,-12.593,16.075,-1,144429-2015
748,12/30/2015 18:47,-12.615,16.074,-1,144429-2015
749,12/30/2015 19:26,-12.619,16.073,-1,144429-2015
