"","date_time","longitude","latitude","b","id"
"1",2015-05-24 08:24:00,5.482,52.935,-1,"144443-2015"
"2",2015-05-24 09:24:14,5.444,52.926,-1,"144443-2015"
"3",2015-05-24 10:17:36,5.452,52.922,-1,"144443-2015"
"4",2015-05-24 12:10:19,5.441,52.924,-1,"144443-2015"
"5",2015-05-24 12:41:28,5.444,52.927,-1,"144443-2015"
"6",2015-05-24 13:51:39,5.443,52.92,-1,"144443-2015"
"7",2015-05-24 14:51:35,5.436,52.921,-1,"144443-2015"
"8",2015-05-24 15:43:27,5.446,52.923,-1,"144443-2015"
"9",2015-05-24 16:36:56,5.443,52.922,-1,"144443-2015"
"10",2015-05-25 16:56:59,5.446,52.92,-1,"144443-2015"
"11",2015-05-25 18:15:59,5.436,52.923,-1,"144443-2015"
"12",2015-05-25 18:54:12,5.441,52.925,-1,"144443-2015"
"13",2015-05-25 19:41:45,5.44,52.923,-1,"144443-2015"
"14",2015-05-25 19:55:23,5.436,52.925,-1,"144443-2015"
"15",2015-05-25 20:32:45,5.435,52.921,-1,"144443-2015"
"16",2015-05-25 21:24:44,5.445,52.929,-1,"144443-2015"
"17",2015-05-27 03:26:23,5.44,52.925,-1,"144443-2015"
"18",2015-05-27 04:29:25,5.439,52.92,-1,"144443-2015"
"19",2015-05-27 04:45:01,5.441,52.924,-1,"144443-2015"
"20",2015-05-27 06:10:03,5.441,52.921,-1,"144443-2015"
"21",2015-05-27 06:21:07,5.447,52.92,-1,"144443-2015"
"22",2015-05-27 08:01:56,5.446,52.923,-1,"144443-2015"
"23",2015-05-28 09:42:25,5.433,52.924,-1,"144443-2015"
"24",2015-05-28 10:31:37,5.441,52.922,-1,"144443-2015"
"25",2015-05-28 11:23:45,5.43,52.926,-1,"144443-2015"
"26",2015-05-28 11:24:25,5.442,52.927,-1,"144443-2015"
"27",2015-05-28 13:08:05,5.462,52.928,-1,"144443-2015"
"28",2015-05-28 14:52:02,5.458,52.931,-1,"144443-2015"
"29",2015-05-28 15:46:09,5.443,52.924,-1,"144443-2015"
"30",2015-05-28 15:46:58,5.436,52.921,-1,"144443-2015"
"31",2015-05-29 17:01:06,5.442,52.922,-1,"144443-2015"
"32",2015-05-29 17:17:53,5.457,52.924,-1,"144443-2015"
"33",2015-05-29 17:52:19,5.442,52.919,-1,"144443-2015"
"34",2015-05-29 19:11:22,5.435,52.918,-1,"144443-2015"
"35",2015-05-29 19:30:20,5.446,52.924,-1,"144443-2015"
"36",2015-05-29 20:02:47,5.434,52.923,-1,"144443-2015"
"37",2015-05-29 20:45:30,5.441,52.931,-1,"144443-2015"
"38",2015-05-31 02:45:04,5.417,52.93,-1,"144443-2015"
"39",2015-05-31 03:42:50,5.443,52.924,-1,"144443-2015"
"40",2015-05-31 04:19:21,5.457,52.921,-1,"144443-2015"
"41",2015-05-31 04:42:36,5.436,52.924,-1,"144443-2015"
"42",2015-05-31 05:21:23,5.43,52.926,-1,"144443-2015"
"43",2015-05-31 06:24:23,5.444,52.923,-1,"144443-2015"
"44",2015-06-01 09:12:23,5.415,52.94,-1,"144443-2015"
"45",2015-06-01 09:58:01,5.451,52.923,-1,"144443-2015"
"46",2015-06-01 10:49:54,5.456,52.921,-1,"144443-2015"
"47",2015-06-01 11:41:39,5.44,52.926,-1,"144443-2015"
"48",2015-06-01 12:20:20,5.44,52.922,-1,"144443-2015"
"49",2015-06-01 14:03:24,5.441,52.926,-1,"144443-2015"
"50",2015-06-01 15:01:21,5.444,52.926,-1,"144443-2015"
"51",2015-06-01 15:47:39,5.398,52.945,-1,"144443-2015"
"52",2015-06-01 15:47:52,5.449,52.93,-1,"144443-2015"
"53",2015-06-01 16:14:57,5.439,52.925,-1,"144443-2015"
"54",2015-06-01 16:45:28,5.438,52.926,-1,"144443-2015"
"55",2015-06-02 17:25:29,5.437,52.925,-1,"144443-2015"
"56",2015-06-02 18:42:44,5.466,52.945,-1,"144443-2015"
"57",2015-06-02 19:05:13,5.447,52.922,-1,"144443-2015"
"58",2015-06-02 19:25:15,5.446,52.926,-1,"144443-2015"
"59",2015-06-02 20:20:22,5.459,52.923,-1,"144443-2015"
"60",2015-06-02 21:07:21,5.441,52.923,-1,"144443-2015"
"61",2015-06-04 01:59:44,5.441,52.922,-1,"144443-2015"
"62",2015-06-04 03:38:35,5.439,52.926,-1,"144443-2015"
"63",2015-06-04 04:16:03,5.441,52.923,-1,"144443-2015"
"64",2015-06-04 04:38:32,5.431,52.915,-1,"144443-2015"
"65",2015-06-04 04:44:39,5.444,52.921,-1,"144443-2015"
"66",2015-06-04 05:55:42,5.44,52.922,-1,"144443-2015"
"67",2015-06-04 06:17:44,5.44,52.922,-1,"144443-2015"
"68",2015-06-04 06:25:19,5.443,52.921,-1,"144443-2015"
"69",2015-06-04 07:55:15,5.42,52.884,-1,"144443-2015"
"70",2015-06-04 08:01:49,5.48,52.949,-1,"144443-2015"
"71",2015-06-04 08:56:36,5.443,52.925,-1,"144443-2015"
"72",2015-06-05 10:17:48,5.422,52.925,-1,"144443-2015"
"73",2015-06-05 11:36:53,5.407,52.92,-1,"144443-2015"
"74",2015-06-05 11:57:47,5.425,52.92,-1,"144443-2015"
"75",2015-06-05 13:16:09,5.447,52.926,-1,"144443-2015"
"76",2015-06-05 15:01:39,5.434,52.945,-1,"144443-2015"
"77",2015-06-05 15:46:44,5.431,52.92,-1,"144443-2015"
"78",2015-06-05 15:55:00,5.438,52.923,-1,"144443-2015"
"79",2015-06-05 17:25:34,5.429,52.909,-1,"144443-2015"
"80",2015-06-05 17:30:13,5.433,52.921,-1,"144443-2015"
"81",2015-06-06 18:39:26,5.449,52.921,-1,"144443-2015"
"82",2015-06-06 18:42:29,5.442,52.948,-1,"144443-2015"
"83",2015-06-06 18:54:20,5.437,52.92,-1,"144443-2015"
"84",2015-06-06 19:43:07,5.44,52.924,-1,"144443-2015"
"85",2015-06-06 20:36:48,5.445,52.924,-1,"144443-2015"
"86",2015-06-06 21:24:38,5.441,52.925,-1,"144443-2015"
"87",2015-06-08 02:50:11,5.455,52.921,-1,"144443-2015"
"88",2015-06-08 03:50:40,5.442,52.924,-1,"144443-2015"
"89",2015-06-08 03:51:41,5.436,52.925,-1,"144443-2015"
"90",2015-06-08 04:31:05,5.438,52.919,-1,"144443-2015"
"91",2015-06-08 04:45:50,5.437,52.919,-1,"144443-2015"
"92",2015-06-08 05:30:10,5.448,52.928,-1,"144443-2015"
"93",2015-06-08 05:30:12,5.444,52.925,-1,"144443-2015"
"94",2015-06-08 06:25:17,5.441,52.922,-1,"144443-2015"
"95",2015-06-08 07:07:25,5.42,52.912,-1,"144443-2015"
"96",2015-06-08 07:12:23,5.441,52.935,-1,"144443-2015"
"97",2015-06-08 07:35:41,5.439,52.933,-1,"144443-2015"
"98",2015-06-08 08:06:17,5.395,52.989,-1,"144443-2015"
"99",2015-06-08 08:51:19,5.437,52.974,-1,"144443-2015"
"100",2015-06-08 09:12:39,5.434,52.927,-1,"144443-2015"
"101",2015-06-08 10:04:12,5.463,52.923,-1,"144443-2015"
"102",2015-06-09 10:32:40,5.478,52.91,-1,"144443-2015"
"103",2015-06-09 10:51:08,5.484,52.909,-1,"144443-2015"
"104",2015-06-09 12:11:48,5.468,52.903,-1,"144443-2015"
"105",2015-06-09 12:33:38,5.481,52.91,-1,"144443-2015"
"106",2015-06-09 14:15:12,5.479,52.909,-1,"144443-2015"
"107",2015-06-09 15:12:10,5.478,52.91,-1,"144443-2015"
"108",2015-06-09 15:47:49,5.474,52.908,-1,"144443-2015"
"109",2015-06-09 16:52:51,5.476,52.906,-1,"144443-2015"
"110",2015-06-09 17:26:49,5.47,52.911,-1,"144443-2015"
"111",2015-06-10 18:14:12,5.478,52.909,-1,"144443-2015"
"112",2015-06-10 19:18:02,5.475,52.909,-1,"144443-2015"
"113",2015-06-10 19:52:56,5.477,52.907,-1,"144443-2015"
"114",2015-06-10 19:56:01,5.474,52.909,-1,"144443-2015"
"115",2015-06-10 20:51:24,5.441,52.932,-1,"144443-2015"
"116",2015-06-10 21:37:32,5.433,52.935,-1,"144443-2015"
"117",2015-06-11 02:18:49,5.42,52.937,-1,"144443-2015"
"118",2015-06-12 03:29:12,5.499,52.948,-1,"144443-2015"
"119",2015-06-12 03:44:23,5.477,52.937,-1,"144443-2015"
"120",2015-06-12 04:43:45,5.461,52.949,-1,"144443-2015"
"121",2015-06-12 04:47:30,5.503,52.952,-1,"144443-2015"
"122",2015-06-12 05:04:02,5.567,52.918,-1,"144443-2015"
"123",2015-06-12 05:30:41,5.566,52.917,-1,"144443-2015"
"124",2015-06-12 06:25:42,5.479,52.909,-1,"144443-2015"
"125",2015-06-12 06:26:27,5.476,52.909,-1,"144443-2015"
"126",2015-06-12 07:49:57,5.445,52.909,-1,"144443-2015"
"127",2015-06-12 08:43:05,5.442,52.905,-1,"144443-2015"
"128",2015-06-12 09:32:00,5.466,52.908,-1,"144443-2015"
"129",2015-06-12 10:24:00,5.476,52.903,-1,"144443-2015"
"130",2015-06-13 10:51:52,5.48,52.921,-1,"144443-2015"
"131",2015-06-13 11:46:21,5.475,52.922,-1,"144443-2015"
"132",2015-06-13 11:47:19,5.473,52.924,-1,"144443-2015"
"133",2015-06-13 12:31:26,5.474,52.923,-1,"144443-2015"
"134",2015-06-13 13:31:54,5.473,52.923,-1,"144443-2015"
"135",2015-06-13 14:25:37,5.476,52.918,-1,"144443-2015"
"136",2015-06-13 15:48:38,5.472,52.922,-1,"144443-2015"
"137",2015-06-13 16:05:14,5.475,52.922,-1,"144443-2015"
"138",2015-06-13 17:24:18,5.471,52.923,-1,"144443-2015"
"139",2015-06-13 17:27:51,5.467,52.918,-1,"144443-2015"
"140",2015-06-13 17:48:22,5.474,52.922,-1,"144443-2015"
"141",2015-06-13 18:17:52,5.468,52.924,-1,"144443-2015"
"142",2015-06-14 18:39:48,5.447,52.928,-1,"144443-2015"
"143",2015-06-14 19:26:35,5.44,52.937,-1,"144443-2015"
"144",2015-06-14 19:28:04,5.441,52.935,-1,"144443-2015"
"145",2015-06-14 20:13:05,5.433,52.93,-1,"144443-2015"
"146",2015-06-14 21:08:08,5.429,52.931,-1,"144443-2015"
"147",2015-06-15 01:32:03,5.439,52.932,-1,"144443-2015"
"148",2015-06-16 03:01:57,5.419,52.998,-1,"144443-2015"
"149",2015-06-16 03:02:18,5.419,52.998,-1,"144443-2015"
"150",2015-06-16 04:38:43,5.469,52.987,-1,"144443-2015"
"151",2015-06-16 04:41:52,5.472,52.988,-1,"144443-2015"
"152",2015-06-16 04:47:30,5.456,52.981,-1,"144443-2015"
"153",2015-06-16 05:37:51,5.472,52.986,-1,"144443-2015"
"154",2015-06-16 06:19:52,5.461,52.985,-1,"144443-2015"
"155",2015-06-16 06:24:12,5.467,52.987,-1,"144443-2015"
"156",2015-06-16 08:07:40,5.457,52.984,-1,"144443-2015"
"157",2015-06-16 09:49:32,5.454,52.99,-1,"144443-2015"
"158",2015-06-17 10:20:08,5.477,52.989,-1,"144443-2015"
"159",2015-06-17 11:07:14,5.475,52.993,-1,"144443-2015"
"160",2015-06-17 11:09:16,5.471,52.989,-1,"144443-2015"
"161",2015-06-17 11:59:04,5.468,52.991,-1,"144443-2015"
"162",2015-06-17 12:42:49,5.464,52.987,-1,"144443-2015"
"163",2015-06-17 12:45:02,5.464,52.987,-1,"144443-2015"
"164",2015-06-17 14:23:55,5.466,52.987,-1,"144443-2015"
"165",2015-06-17 15:18:00,5.465,52.986,-1,"144443-2015"
"166",2015-06-17 15:46:44,5.464,52.986,-1,"144443-2015"
"167",2015-06-17 17:00:26,5.466,52.987,-1,"144443-2015"
"168",2015-06-17 17:29:06,5.469,52.987,-1,"144443-2015"
"169",2015-06-18 19:00:34,5.58,52.995,-1,"144443-2015"
"170",2015-06-18 19:49:05,5.57,53.003,-1,"144443-2015"
"171",2015-06-18 20:35:21,5.569,53.003,-1,"144443-2015"
"172",2015-06-20 02:16:21,5.568,53.004,-1,"144443-2015"
"173",2015-06-20 03:55:07,5.466,52.986,-1,"144443-2015"
"174",2015-06-20 04:13:53,5.469,52.988,-1,"144443-2015"
"175",2015-06-20 04:48:16,5.464,52.988,-1,"144443-2015"
"176",2015-06-20 04:55:15,5.471,52.987,-1,"144443-2015"
"177",2015-06-20 05:52:23,5.466,52.986,-1,"144443-2015"
"178",2015-06-20 06:27:12,5.468,52.989,-1,"144443-2015"
"179",2015-06-20 06:34:20,5.466,52.976,-1,"144443-2015"
"180",2015-06-20 08:04:42,5.463,52.989,-1,"144443-2015"
"181",2015-06-20 09:16:32,5.46,52.985,-1,"144443-2015"
"182",2015-06-21 09:45:30,5.463,52.987,-1,"144443-2015"
"183",2015-06-21 10:34:32,5.461,52.988,-1,"144443-2015"
"184",2015-06-21 11:19:14,5.45,53.033,-1,"144443-2015"
"185",2015-06-21 11:57:43,5.469,52.994,-1,"144443-2015"
"186",2015-06-21 12:35:50,5.475,52.987,-1,"144443-2015"
"187",2015-06-21 13:37:57,5.424,52.981,-1,"144443-2015"
"188",2015-06-21 15:23:00,5.429,52.978,-1,"144443-2015"
"189",2015-06-21 15:50:18,5.462,52.994,-1,"144443-2015"
"190",2015-06-21 16:14:11,5.467,52.996,-1,"144443-2015"
"191",2015-06-21 17:28:16,5.532,53.047,-1,"144443-2015"
"192",2015-06-21 17:28:26,5.533,53.053,-1,"144443-2015"
"193",2015-06-22 17:46:11,5.549,53.055,-1,"144443-2015"
"194",2015-06-22 18:25:36,5.75,52.956,-1,"144443-2015"
"195",2015-06-22 18:35:34,5.606,52.996,-1,"144443-2015"
"196",2015-06-22 19:11:38,5.565,52.998,-1,"144443-2015"
"197",2015-06-22 20:04:46,5.583,53.003,-1,"144443-2015"
"198",2015-06-22 20:13:04,5.552,52.995,-1,"144443-2015"
"199",2015-06-22 20:53:33,5.575,53.003,-1,"144443-2015"
"200",2015-06-24 01:33:11,4.688,52.656,-1,"144443-2015"
"201",2015-06-24 03:13:20,4.956,52.383,-1,"144443-2015"
"202",2015-06-24 03:48:45,5.006,52.378,-1,"144443-2015"
"203",2015-06-24 04:50:08,5.038,52.436,-1,"144443-2015"
"204",2015-06-24 04:56:19,5.04,52.437,-1,"144443-2015"
"205",2015-06-24 05:27:08,5.043,52.443,-1,"144443-2015"
"206",2015-06-24 05:48:30,5.042,52.442,-1,"144443-2015"
"207",2015-06-24 06:28:55,5.043,52.445,-1,"144443-2015"
"208",2015-06-24 07:08:17,5.053,52.442,-1,"144443-2015"
"209",2015-06-24 07:25:57,5.045,52.44,-1,"144443-2015"
"210",2015-06-24 08:05:57,5.011,52.533,-1,"144443-2015"
"211",2015-06-25 10:03:45,-0.492999999999995,45.796,-1,"144443-2015"
"212",2015-06-25 10:59:31,-0.98399999999998,45.811,-1,"144443-2015"
"213",2015-06-25 11:45:13,-0.990999999999985,45.817,-1,"144443-2015"
"214",2015-06-25 14:34:54,-1.01299999999998,45.826,-1,"144443-2015"
"215",2015-06-25 15:28:38,-1.017,45.832,-1,"144443-2015"
"216",2015-06-25 15:49:48,-1.01600000000002,45.832,-1,"144443-2015"
"217",2015-06-25 17:07:12,-1.01499999999999,45.828,-1,"144443-2015"
"218",2015-06-26 18:12:38,-0.999000000000024,45.828,-1,"144443-2015"
"219",2015-06-26 18:39:53,-1.20100000000002,45.782,-1,"144443-2015"
"220",2015-06-26 18:42:07,-0.995999999999981,45.825,-1,"144443-2015"
"221",2015-06-26 18:44:13,-1.108,45.764,-1,"144443-2015"
"222",2015-06-26 19:29:15,-1.00299999999999,45.765,-1,"144443-2015"
"223",2015-06-26 19:52:11,-1.03399999999999,45.833,-1,"144443-2015"
"224",2015-06-26 20:19:14,-1.02600000000001,45.82,-1,"144443-2015"
"225",2015-06-26 21:03:07,-1.01499999999999,45.822,-1,"144443-2015"
"226",2015-06-26 22:50:04,-1.02300000000002,45.823,-1,"144443-2015"
"227",2015-06-28 02:29:16,-1.03399999999999,45.817,-1,"144443-2015"
"228",2015-06-28 04:11:31,-1.02999999999997,45.821,-1,"144443-2015"
"229",2015-06-28 04:59:39,-1.03399999999999,45.818,-1,"144443-2015"
"230",2015-06-28 05:01:51,-1.03300000000002,45.818,-1,"144443-2015"
"231",2015-06-28 06:29:52,-1.10500000000002,45.832,-1,"144443-2015"
"232",2015-06-28 06:41:32,-1.09899999999999,45.848,-1,"144443-2015"
"233",2015-06-28 06:44:14,-1.09800000000001,45.849,-1,"144443-2015"
"234",2015-06-28 09:01:39,-1.09199999999998,45.818,-1,"144443-2015"
"235",2015-06-29 10:18:19,-0.999000000000024,45.735,-1,"144443-2015"
"236",2015-06-29 12:02:39,-0.98599999999999,45.737,-1,"144443-2015"
"237",2015-06-29 13:46:46,-0.999000000000024,45.733,-1,"144443-2015"
"238",2015-06-29 14:41:18,-0.994000000000028,45.733,-1,"144443-2015"
"239",2015-06-29 15:49:31,-1.00200000000001,45.739,-1,"144443-2015"
"240",2015-06-29 16:20:29,-1.00200000000001,45.731,-1,"144443-2015"
"241",2015-06-29 16:39:04,-1.00200000000001,45.732,-1,"144443-2015"
"242",2015-06-29 17:28:08,-0.966000000000008,45.802,-1,"144443-2015"
"243",2015-06-30 18:44:24,-0.987000000000023,45.786,-1,"144443-2015"
"244",2015-06-30 19:27:36,-0.968000000000018,45.807,-1,"144443-2015"
"245",2015-06-30 20:35:49,-0.97199999999998,45.807,-1,"144443-2015"
"246",2015-06-30 21:22:45,-0.971000000000004,45.808,-1,"144443-2015"
"247",2015-06-30 22:16:54,-0.968000000000018,45.815,-1,"144443-2015"
"248",2015-07-01 01:58:02,-0.97399999999999,45.808,-1,"144443-2015"
"249",2015-07-02 03:24:47,-1.03199999999998,45.82,-1,"144443-2015"
"250",2015-07-02 04:21:54,-1.03199999999998,45.818,-1,"144443-2015"
"251",2015-07-02 04:34:00,-1.02199999999999,45.822,-1,"144443-2015"
"252",2015-07-02 04:52:02,-1.02100000000002,45.822,-1,"144443-2015"
"253",2015-07-02 05:07:04,-1.01900000000001,45.826,-1,"144443-2015"
"254",2015-07-02 05:56:47,-0.968999999999994,45.808,-1,"144443-2015"
"255",2015-07-02 06:15:26,-0.966000000000008,45.808,-1,"144443-2015"
"256",2015-07-02 06:31:12,-0.966000000000008,45.808,-1,"144443-2015"
"257",2015-07-02 08:30:12,-0.946000000000026,45.808,-1,"144443-2015"
"258",2015-07-02 09:15:56,-0.98399999999998,45.806,-1,"144443-2015"
"259",2015-07-02 10:11:47,-0.988,45.806,-1,"144443-2015"
"260",2015-07-03 10:40:22,-0.97399999999999,45.804,-1,"144443-2015"
"261",2015-07-03 11:31:46,-0.975999999999999,45.801,-1,"144443-2015"
"262",2015-07-03 12:19:24,-0.992999999999995,45.797,-1,"144443-2015"
"263",2015-07-03 13:03:04,-0.988,45.801,-1,"144443-2015"
"264",2015-07-03 14:45:15,-0.988,45.807,-1,"144443-2015"
"265",2015-07-03 15:36:58,-0.992999999999995,45.806,-1,"144443-2015"
"266",2015-07-03 15:49:54,-0.990000000000009,45.81,-1,"144443-2015"
"267",2015-07-03 17:17:57,-0.966000000000008,45.807,-1,"144443-2015"
"268",2015-07-03 17:30:04,-0.978000000000009,45.805,-1,"144443-2015"
"269",2015-07-03 17:53:07,-0.963999999999999,45.804,-1,"144443-2015"
"270",2015-07-04 20:01:31,-0.970000000000027,45.808,-1,"144443-2015"
"271",2015-07-04 20:38:26,-0.970000000000027,45.807,-1,"144443-2015"
"272",2015-07-04 20:53:14,-0.976999999999975,45.806,-1,"144443-2015"
"273",2015-07-04 21:39:21,-1.23599999999999,45.36,-1,"144443-2015"
"274",2015-07-04 23:21:51,-1.43000000000001,44.125,-1,"144443-2015"
"275",2015-07-05 01:14:31,-1.286,43.106,-1,"144443-2015"
"276",2015-07-05 02:55:28,-1.327,42.332,-1,"144443-2015"
"277",2015-07-06 04:55:31,-0.298000000000002,39.285,-1,"144443-2015"
"278",2015-07-06 05:16:28,-0.317000000000007,39.235,-1,"144443-2015"
"279",2015-07-06 05:47:03,-0.305000000000007,39.232,-1,"144443-2015"
"280",2015-07-06 06:33:31,-0.290999999999997,39.229,-1,"144443-2015"
"281",2015-07-06 06:55:24,-0.295999999999992,39.234,-1,"144443-2015"
"282",2015-07-06 07:57:35,-0.269000000000005,39.177,-1,"144443-2015"
"283",2015-07-06 08:11:51,-0.410000000000025,39.363,-1,"144443-2015"
"284",2015-07-06 09:38:06,-0.372000000000014,39.289,-1,"144443-2015"
"285",2015-07-06 10:35:10,-0.355000000000018,39.243,-1,"144443-2015"
"286",2015-07-06 11:19:50,-0.295999999999992,39.228,-1,"144443-2015"
"287",2015-07-07 13:59:17,-0.350999999999999,39.3,-1,"144443-2015"
"288",2015-07-07 15:47:09,-0.35899999999998,39.294,-1,"144443-2015"
"289",2015-07-07 16:29:20,-0.353000000000009,39.289,-1,"144443-2015"
"290",2015-07-07 17:28:22,-0.365000000000009,39.274,-1,"144443-2015"
"291",2015-07-07 17:30:46,-0.36099999999999,39.277,-1,"144443-2015"
"292",2015-07-07 18:11:01,-0.380999999999972,39.366,-1,"144443-2015"
"293",2015-07-07 19:07:35,-0.360000000000014,39.277,-1,"144443-2015"
"294",2015-07-08 21:08:59,-0.346000000000004,39.275,-1,"144443-2015"
"295",2015-07-08 21:53:12,-0.339999999999975,39.277,-1,"144443-2015"
"296",2015-07-09 02:09:49,-0.341999999999985,39.274,-1,"144443-2015"
"297",2015-07-09 03:52:17,-0.341000000000008,39.274,-1,"144443-2015"
"298",2015-07-09 04:39:09,-0.339999999999975,39.274,-1,"144443-2015"
"299",2015-07-10 05:20:50,-0.355000000000018,39.309,-1,"144443-2015"
"300",2015-07-10 06:05:39,-0.353000000000009,39.308,-1,"144443-2015"
"301",2015-07-10 06:33:09,-0.358000000000004,39.308,-1,"144443-2015"
"302",2015-07-10 09:54:16,-0.362000000000023,39.31,-1,"144443-2015"
"303",2015-07-10 10:50:45,-0.343000000000018,39.277,-1,"144443-2015"
"304",2015-07-10 11:32:59,-0.348000000000013,39.279,-1,"144443-2015"
"305",2015-07-10 13:18:25,-0.319999999999993,39.371,-1,"144443-2015"
"306",2015-07-11 14:56:50,-0.375999999999976,39.328,-1,"144443-2015"
"307",2015-07-11 15:43:44,-0.362000000000023,39.309,-1,"144443-2015"
"308",2015-07-11 15:46:51,-0.36099999999999,39.307,-1,"144443-2015"
"309",2015-07-11 17:25:48,-0.350999999999999,39.309,-1,"144443-2015"
"310",2015-07-11 17:29:20,-0.351999999999975,39.309,-1,"144443-2015"
"311",2015-07-11 18:43:39,-0.34899999999999,39.308,-1,"144443-2015"
"312",2015-07-11 20:20:41,-0.353000000000009,39.309,-1,"144443-2015"
"313",2015-07-11 20:50:34,-0.355999999999995,39.308,-1,"144443-2015"
"314",2015-07-11 21:46:29,-0.34699999999998,39.308,-1,"144443-2015"
"315",2015-07-13 03:06:24,-0.355000000000018,39.309,-1,"144443-2015"
"316",2015-07-13 05:21:07,-0.34899999999999,39.306,-1,"144443-2015"
"317",2015-07-13 05:27:39,-0.351999999999975,39.309,-1,"144443-2015"
"318",2015-07-13 05:32:20,-0.350999999999999,39.309,-1,"144443-2015"
"319",2015-07-14 09:24:51,-0.303999999999974,39.285,-1,"144443-2015"
"320",2015-07-14 10:10:56,-0.33499999999998,39.363,-1,"144443-2015"
"321",2015-07-14 11:52:12,-0.322000000000003,39.385,-1,"144443-2015"
"322",2015-07-14 12:41:11,-0.319999999999993,39.389,-1,"144443-2015"
"323",2015-07-14 14:22:19,-0.341000000000008,39.362,-1,"144443-2015"
"324",2015-07-15 15:52:08,-6.327,36.881,-1,"144443-2015"
"325",2015-07-15 16:36:22,-6.34100000000001,36.889,-1,"144443-2015"
"326",2015-07-15 17:22:17,-6.041,36.97,-1,"144443-2015"
"327",2015-07-15 18:13:18,-6.24700000000001,36.972,-1,"144443-2015"
"328",2015-07-15 18:17:02,-6.24900000000002,36.998,-1,"144443-2015"
"329",2015-07-15 19:09:30,-6.25599999999997,37.033,-1,"144443-2015"
"330",2015-07-15 19:56:02,-6.22699999999998,36.997,-1,"144443-2015"
"331",2015-07-15 21:11:22,-6.23500000000001,37.005,-1,"144443-2015"
"332",2015-07-15 22:04:43,-6.23599999999999,37.002,-1,"144443-2015"
"333",2015-07-17 02:22:31,-6.09800000000001,37.211,-1,"144443-2015"
"334",2015-07-17 03:59:49,-6.09500000000003,37.21,-1,"144443-2015"
"335",2015-07-17 04:52:53,-6.09199999999998,37.212,-1,"144443-2015"
"336",2015-07-17 05:00:21,-6.10599999999999,37.2,-1,"144443-2015"
"337",2015-07-17 05:21:22,-6.09699999999998,37.209,-1,"144443-2015"
"338",2015-07-17 06:27:12,-6.09500000000003,37.21,-1,"144443-2015"
"339",2015-07-17 06:41:23,-6.096,37.21,-1,"144443-2015"
"340",2015-07-17 06:59:43,-6.178,37.207,-1,"144443-2015"
"341",2015-07-18 10:29:56,-6.18000000000001,37.206,-1,"144443-2015"
"342",2015-07-18 12:12:28,-6.18900000000002,37.199,-1,"144443-2015"
"343",2015-07-18 13:31:46,-6.18299999999999,37.207,-1,"144443-2015"
"344",2015-07-18 15:18:18,-6.18099999999998,37.205,-1,"144443-2015"
"345",2015-07-18 16:13:20,-6.18200000000002,37.204,-1,"144443-2015"
"346",2015-07-19 17:29:40,-6.09300000000002,37.21,-1,"144443-2015"
"347",2015-07-19 17:36:27,-6.096,37.211,-1,"144443-2015"
"348",2015-07-19 17:51:17,-6.09800000000001,37.211,-1,"144443-2015"
"349",2015-07-19 19:09:44,-6.10000000000002,37.211,-1,"144443-2015"
"350",2015-07-19 19:31:04,-6.09500000000003,37.209,-1,"144443-2015"
"351",2015-07-19 19:47:13,-6.09699999999998,37.211,-1,"144443-2015"
"352",2015-07-19 21:26:32,-6.08499999999998,37.211,-1,"144443-2015"
"353",2015-07-19 23:09:05,-6.08300000000003,37.224,-1,"144443-2015"
"354",2015-07-21 03:17:11,-6.09399999999999,37.21,-1,"144443-2015"
"355",2015-07-21 05:21:19,-6.173,37.197,-1,"144443-2015"
"356",2015-07-21 05:44:48,-6.185,37.206,-1,"144443-2015"
"357",2015-07-21 06:16:12,-6.18200000000002,37.209,-1,"144443-2015"
"358",2015-07-21 07:00:11,-6.18200000000002,37.208,-1,"144443-2015"
"359",2015-07-21 07:22:53,-6.18400000000003,37.205,-1,"144443-2015"
"360",2015-07-21 09:27:31,-6.19,37.207,-1,"144443-2015"
"361",2015-07-22 10:45:58,-6.18000000000001,37.207,-1,"144443-2015"
"362",2015-07-22 12:48:13,-6.17899999999997,37.211,-1,"144443-2015"
"363",2015-07-22 14:31:59,-6.18299999999999,37.207,-1,"144443-2015"
"364",2015-07-22 16:13:32,-6.18599999999998,37.199,-1,"144443-2015"
"365",2015-07-22 16:59:44,-6.113,37.218,-1,"144443-2015"
"366",2015-07-22 17:55:07,-6.096,37.212,-1,"144443-2015"
"367",2015-07-22 17:58:37,-6.09699999999998,37.21,-1,"144443-2015"
"368",2015-07-23 19:05:50,-6.09699999999998,37.209,-1,"144443-2015"
"369",2015-07-23 20:08:20,-6.10000000000002,37.21,-1,"144443-2015"
"370",2015-07-23 20:57:18,-6.10199999999998,37.212,-1,"144443-2015"
"371",2015-07-23 21:41:14,-6.09699999999998,37.21,-1,"144443-2015"
"372",2015-07-23 23:27:00,-6.072,37.211,-1,"144443-2015"
"373",2015-07-24 02:43:30,-6.09699999999998,37.21,-1,"144443-2015"
"374",2015-07-25 04:11:40,-6.096,37.209,-1,"144443-2015"
"375",2015-07-25 05:23:23,-6.101,37.208,-1,"144443-2015"
"376",2015-07-25 05:45:27,-6.101,37.208,-1,"144443-2015"
"377",2015-07-25 06:36:42,-6.09800000000001,37.209,-1,"144443-2015"
"378",2015-07-25 07:02:52,-6.09800000000001,37.207,-1,"144443-2015"
"379",2015-07-25 07:29:53,-6.077,37.211,-1,"144443-2015"
"380",2015-07-25 09:45:11,-6.18200000000002,37.206,-1,"144443-2015"
"381",2015-07-25 10:40:26,-6.18400000000003,37.207,-1,"144443-2015"
"382",2015-07-26 13:47:07,-6.18200000000002,37.207,-1,"144443-2015"
"383",2015-07-26 15:28:29,-6.17399999999998,37.209,-1,"144443-2015"
"384",2015-07-26 16:13:30,-6.18299999999999,37.204,-1,"144443-2015"
"385",2015-07-26 17:51:46,-6.28100000000001,37.109,-1,"144443-2015"
"386",2015-07-26 17:55:14,-6.28500000000003,37.076,-1,"144443-2015"
"387",2015-07-26 19:10:54,-6.23599999999999,36.94,-1,"144443-2015"
"388",2015-07-27 20:18:43,-6.10399999999998,36.168,-1,"144443-2015"
"389",2015-07-27 20:21:00,-6.08999999999997,36.15,-1,"144443-2015"
"390",2015-07-27 21:11:43,-5.97300000000001,35.528,-1,"144443-2015"
"391",2015-07-27 22:03:15,-6.35300000000001,35.033,-1,"144443-2015"
"392",2015-07-27 23:43:30,-6.77999999999997,33.999,-1,"144443-2015"
"393",2015-07-28 01:59:42,-7.37900000000002,32.875,-1,"144443-2015"
"394",2015-07-28 03:39:08,-7.60199999999998,32.003,-1,"144443-2015"
"395",2015-07-29 05:13:25,-15.234,19.189,-1,"144443-2015"
"396",2015-07-29 05:31:59,-15.777,19.195,-1,"144443-2015"
"397",2015-07-29 05:56:24,-16.112,18.773,-1,"144443-2015"
"398",2015-07-29 07:40:10,-15.985,17.165,-1,"144443-2015"
"399",2015-07-29 08:39:17,-16.399,16.26,-1,"144443-2015"
"400",2015-07-29 10:05:03,-16.167,16.313,-1,"144443-2015"
"401",2015-07-29 11:47:10,-16.022,16.275,-1,"144443-2015"
"402",2015-07-30 14:37:59,-16.585,13.993,-1,"144443-2015"
"403",2015-07-30 16:19:48,-16.591,13.999,-1,"144443-2015"
"404",2015-07-30 17:52:10,-16.591,13.995,-1,"144443-2015"
"405",2015-07-30 18:42:22,-16.59,13.992,-1,"144443-2015"
"406",2015-07-30 18:54:14,-16.587,13.991,-1,"144443-2015"
"407",2015-07-31 22:15:04,-16.583,13.996,-1,"144443-2015"
"408",2015-08-01 02:57:03,-16.579,14.005,-1,"144443-2015"
"409",2015-08-02 05:14:38,-16.74,13.994,-1,"144443-2015"
"410",2015-08-02 05:29:50,-16.738,13.994,-1,"144443-2015"
"411",2015-08-02 06:30:13,-16.743,13.995,-1,"144443-2015"
"412",2015-08-02 06:55:02,-16.743,14.001,-1,"144443-2015"
"413",2015-08-02 07:07:45,-16.744,14.002,-1,"144443-2015"
"414",2015-08-02 08:11:42,-16.744,13.997,-1,"144443-2015"
"415",2015-08-02 10:22:47,-16.743,13.997,-1,"144443-2015"
"416",2015-08-02 11:18:05,-16.746,13.996,-1,"144443-2015"
"417",2015-08-03 15:30:17,-16.731,14.002,-1,"144443-2015"
"418",2015-08-03 17:51:03,-16.734,14.002,-1,"144443-2015"
"419",2015-08-03 17:52:32,-16.737,14,-1,"144443-2015"
"420",2015-08-03 18:29:06,-16.733,14.006,-1,"144443-2015"
"421",2015-08-03 19:31:50,-16.729,14.002,-1,"144443-2015"
"422",2015-08-03 20:08:05,-16.737,13.992,-1,"144443-2015"
"423",2015-08-03 21:13:59,-16.739,14,-1,"144443-2015"
"424",2015-08-04 22:31:59,-16.741,13.996,-1,"144443-2015"
"425",2015-08-05 02:13:12,-16.727,13.989,-1,"144443-2015"
"426",2015-08-05 03:52:28,-16.739,13.997,-1,"144443-2015"
"427",2015-08-05 05:51:45,-16.742,13.996,-1,"144443-2015"
"428",2015-08-06 07:08:55,-16.572,13.989,-1,"144443-2015"
"429",2015-08-06 07:44:46,-16.564,14.005,-1,"144443-2015"
"430",2015-08-06 07:46:48,-16.572,13.985,-1,"144443-2015"
"431",2015-08-06 10:42:04,-16.569,13.987,-1,"144443-2015"
"432",2015-08-07 16:28:27,-16.558,14.018,-1,"144443-2015"
"433",2015-08-07 17:07:35,-16.568,13.993,-1,"144443-2015"
"434",2015-08-07 17:51:01,-16.569,13.988,-1,"144443-2015"
"435",2015-08-07 18:49:15,-16.57,13.991,-1,"144443-2015"
"436",2015-08-07 19:34:55,-16.569,13.99,-1,"144443-2015"
"437",2015-08-07 19:37:58,-16.586,13.991,-1,"144443-2015"
"438",2015-08-07 21:27:45,-16.575,14.004,-1,"144443-2015"
"439",2015-08-07 22:23:18,-16.578,14.003,-1,"144443-2015"
"440",2015-08-07 23:11:24,-16.573,14.003,-1,"144443-2015"
"441",2015-08-09 03:12:42,-16.578,14.004,-1,"144443-2015"
"442",2015-08-09 04:50:22,-16.577,14.002,-1,"144443-2015"
"443",2015-08-09 05:35:07,-16.576,14.003,-1,"144443-2015"
"444",2015-08-09 05:53:33,-16.577,14.005,-1,"144443-2015"
"445",2015-08-09 06:09:33,-16.574,13.999,-1,"144443-2015"
"446",2015-08-09 07:12:43,-16.568,13.987,-1,"144443-2015"
"447",2015-08-09 07:33:52,-16.567,13.987,-1,"144443-2015"
"448",2015-08-10 10:15:05,-16.604,13.999,-1,"144443-2015"
"449",2015-08-10 10:57:02,-16.573,13.99,-1,"144443-2015"
"450",2015-08-10 14:16:36,-16.551,13.972,-1,"144443-2015"
"451",2015-08-10 15:51:33,-16.571,13.995,-1,"144443-2015"
"452",2015-08-11 17:52:08,-16.572,13.99,-1,"144443-2015"
"453",2015-08-11 18:02:55,-16.552,13.99,-1,"144443-2015"
"454",2015-08-11 19:31:32,-16.573,13.992,-1,"144443-2015"
"455",2015-08-11 21:45:56,-16.575,14,-1,"144443-2015"
"456",2015-08-11 22:40:39,-16.575,14.002,-1,"144443-2015"
"457",2015-08-11 23:27:51,-16.575,14.003,-1,"144443-2015"
"458",2015-08-13 02:23:51,-16.574,14.018,-1,"144443-2015"
"459",2015-08-13 04:02:49,-16.576,14.006,-1,"144443-2015"
"460",2015-08-13 06:00:30,-16.576,14.005,-1,"144443-2015"
"461",2015-08-13 06:25:03,-16.574,14.005,-1,"144443-2015"
"462",2015-08-13 07:25:18,-16.589,13.997,-1,"144443-2015"
"463",2015-08-13 07:36:50,-16.589,13.999,-1,"144443-2015"
"464",2015-08-14 10:31:39,-16.577,13.984,-1,"144443-2015"
"465",2015-08-14 11:15:42,-16.574,13.984,-1,"144443-2015"
"466",2015-08-14 15:07:18,-16.58,13.988,-1,"144443-2015"
"467",2015-08-14 17:28:36,-16.571,14.001,-1,"144443-2015"
"468",2015-08-15 18:51:41,-16.591,13.996,-1,"144443-2015"
"469",2015-08-15 19:00:44,-16.587,13.995,-1,"144443-2015"
"470",2015-08-15 19:32:32,-16.577,14.004,-1,"144443-2015"
"471",2015-08-15 20:30:41,-16.578,14.006,-1,"144443-2015"
"472",2015-08-15 22:04:18,-16.577,14.007,-1,"144443-2015"
"473",2015-08-15 22:59:08,-16.574,14.009,-1,"144443-2015"
"474",2015-08-17 03:20:51,-16.579,14.006,-1,"144443-2015"
"475",2015-08-17 05:00:45,-16.578,14.01,-1,"144443-2015"
"476",2015-08-17 05:45:09,-16.578,14.003,-1,"144443-2015"
"477",2015-08-17 05:54:40,-16.576,14.003,-1,"144443-2015"
"478",2015-08-17 06:58:10,-16.583,13.993,-1,"144443-2015"
"479",2015-08-17 07:19:01,-16.577,13.993,-1,"144443-2015"
"480",2015-08-17 07:37:43,-16.577,13.991,-1,"144443-2015"
"481",2015-08-17 10:12:16,-16.575,13.985,-1,"144443-2015"
"482",2015-08-18 11:36:00,-16.74,14.006,-1,"144443-2015"
"483",2015-08-18 14:21:10,-16.743,13.999,-1,"144443-2015"
"484",2015-08-18 16:02:25,-16.74,14.003,-1,"144443-2015"
"485",2015-08-18 18:18:51,-16.734,14.002,-1,"144443-2015"
"486",2015-08-18 18:22:16,-16.733,14.002,-1,"144443-2015"
"487",2015-08-18 18:55:44,-16.732,14.003,-1,"144443-2015"
"488",2015-08-19 22:22:14,-16.744,14.09,-1,"144443-2015"
"489",2015-08-19 23:12:17,-16.744,14.09,-1,"144443-2015"
"490",2015-08-20 02:44:14,-16.744,14.086,-1,"144443-2015"
"491",2015-08-20 04:24:34,-16.744,14.087,-1,"144443-2015"
"492",2015-08-21 05:58:17,-16.726,14.082,-1,"144443-2015"
"493",2015-08-21 06:31:03,-16.724,14.084,-1,"144443-2015"
"494",2015-08-21 06:38:11,-16.724,14.083,-1,"144443-2015"
"495",2015-08-21 07:36:34,-16.751,14.061,-1,"144443-2015"
"496",2015-08-21 10:30:00,-16.75,14.057,-1,"144443-2015"
"497",2015-08-21 11:29:05,-16.748,14.058,-1,"144443-2015"
"498",2015-08-22 15:16:10,-16.759,14.057,-1,"144443-2015"
"499",2015-08-22 17:35:01,-16.752,14.057,-1,"144443-2015"
"500",2015-08-22 18:17:19,-16.753,14.057,-1,"144443-2015"
"501",2015-08-22 18:26:44,-16.753,14.06,-1,"144443-2015"
"502",2015-08-22 19:21:38,-16.74,14.08,-1,"144443-2015"
"503",2015-08-22 21:19:20,-16.732,14.092,-1,"144443-2015"
"504",2015-08-23 22:40:32,-16.724,14.083,-1,"144443-2015"
"505",2015-08-24 03:41:29,-16.728,14.082,-1,"144443-2015"
"506",2015-08-24 06:01:21,-16.729,14.082,-1,"144443-2015"
"507",2015-08-25 07:30:52,-16.757,14.092,-1,"144443-2015"
"508",2015-08-25 07:36:44,-16.761,14.089,-1,"144443-2015"
"509",2015-08-25 07:50:15,-16.758,14.087,-1,"144443-2015"
"510",2015-08-25 09:11:00,-16.702,14.039,-1,"144443-2015"
"511",2015-08-25 10:45:57,-16.747,14.057,-1,"144443-2015"
"512",2015-08-25 11:48:17,-16.746,14.054,-1,"144443-2015"
"513",2015-08-25 14:42:55,-16.755,14.056,-1,"144443-2015"
"514",2015-08-26 16:15:41,-16.745,14.066,-1,"144443-2015"
"515",2015-08-26 18:07:55,-16.9,14.039,-1,"144443-2015"
"516",2015-08-26 18:19:13,-16.755,14.058,-1,"144443-2015"
"517",2015-08-26 18:29:21,-16.751,14.059,-1,"144443-2015"
"518",2015-08-26 19:40:08,-16.777,14.074,-1,"144443-2015"
"519",2015-08-26 21:34:57,-16.761,14.082,-1,"144443-2015"
"520",2015-08-26 22:28:47,-16.758,14.08,-1,"144443-2015"
"521",2015-08-26 23:18:41,-16.759,14.081,-1,"144443-2015"
"522",2015-08-28 03:00:54,-16.761,14.08,-1,"144443-2015"
"523",2015-08-28 04:37:05,-16.767,14.084,-1,"144443-2015"
"524",2015-08-28 06:12:57,-16.759,14.082,-1,"144443-2015"
"525",2015-08-28 06:24:25,-16.76,14.082,-1,"144443-2015"
"526",2015-08-28 06:56:54,-16.758,14.081,-1,"144443-2015"
"527",2015-08-28 07:52:26,-16.751,14.041,-1,"144443-2015"
"528",2015-08-29 10:26:08,-16.75,14.058,-1,"144443-2015"
"529",2015-08-29 11:03:52,-16.752,14.056,-1,"144443-2015"
"530",2015-08-29 14:03:22,-16.758,14.043,-1,"144443-2015"
"531",2015-08-29 15:38:02,-16.75,14.058,-1,"144443-2015"
"532",2015-08-29 17:53:31,-16.755,14.057,-1,"144443-2015"
"533",2015-08-30 19:19:32,-16.835,14.026,-1,"144443-2015"
"534",2015-08-30 19:28:42,-16.739,14.01,-1,"144443-2015"
"535",2015-08-30 20:00:28,-16.737,14.017,-1,"144443-2015"
"536",2015-08-30 21:53:26,-16.74,14.002,-1,"144443-2015"
"537",2015-08-30 22:48:10,-16.738,13.999,-1,"144443-2015"
"538",2015-08-30 23:35:48,-16.736,13.998,-1,"144443-2015"
"539",2015-08-31 02:23:02,-16.726,13.998,-1,"144443-2015"
"540",2015-09-01 05:52:40,-16.719,13.996,-1,"144443-2015"
"541",2015-09-01 06:08:43,-16.734,14,-1,"144443-2015"
"542",2015-09-01 06:29:44,-16.734,14,-1,"144443-2015"
"543",2015-09-01 07:26:28,-16.73,14.002,-1,"144443-2015"
"544",2015-09-01 08:02:00,-16.731,14,-1,"144443-2015"
"545",2015-09-01 10:01:17,-16.735,14.003,-1,"144443-2015"
"546",2015-09-01 10:57:01,-16.725,14.003,-1,"144443-2015"
"547",2015-09-01 11:44:33,-16.742,14.05,-1,"144443-2015"
"548",2015-09-02 14:52:53,-16.741,14.025,-1,"144443-2015"
"549",2015-09-02 17:12:49,-16.733,14.028,-1,"144443-2015"
"550",2015-09-02 18:45:00,-16.726,14.003,-1,"144443-2015"
"551",2015-09-02 18:53:57,-16.719,13.989,-1,"144443-2015"
"552",2015-09-02 19:20:45,-16.727,13.998,-1,"144443-2015"
"553",2015-09-03 23:51:31,-16.721,13.988,-1,"144443-2015"
"554",2015-09-04 03:16:42,-16.736,14.001,-1,"144443-2015"
"555",2015-09-05 10:20:48,-16.734,14.002,-1,"144443-2015"
"556",2015-09-05 11:15:01,-16.733,13.999,-1,"144443-2015"
"557",2015-09-05 12:03:16,-16.732,13.997,-1,"144443-2015"
"558",2015-09-05 14:18:50,-16.737,14.006,-1,"144443-2015"
"559",2015-09-06 19:00:19,-16.735,14.029,-1,"144443-2015"
"560",2015-09-08 06:30:45,-16.706,13.994,-1,"144443-2015"
"561",2015-09-08 06:48:20,-16.764,14.01,-1,"144443-2015"
"562",2015-09-08 07:10:11,-16.663,14.043,-1,"144443-2015"
"563",2015-09-08 10:15:04,-16.737,14.024,-1,"144443-2015"
"564",2015-09-09 15:12:35,-16.764,14,-1,"144443-2015"
"565",2015-09-09 17:29:48,-16.733,14.002,-1,"144443-2015"
"566",2015-09-09 19:05:28,-16.733,14.001,-1,"144443-2015"
"567",2015-09-09 19:12:47,-16.733,14.003,-1,"144443-2015"
"568",2015-09-09 19:14:45,-16.732,14.003,-1,"144443-2015"
"569",2015-09-09 21:45:43,-16.731,14.005,-1,"144443-2015"
"570",2015-09-12 09:38:56,-16.738,14.024,-1,"144443-2015"
"571",2015-09-12 10:30:48,-16.741,14.031,-1,"144443-2015"
"572",2015-09-12 11:13:47,-16.736,14.03,-1,"144443-2015"
"573",2015-09-12 14:42:54,-16.738,14.031,-1,"144443-2015"
"574",2015-09-12 16:20:41,-16.729,14.042,-1,"144443-2015"
"575",2015-09-12 17:57:30,-16.738,14.022,-1,"144443-2015"
"576",2015-09-13 19:14:48,-16.73,14.002,-1,"144443-2015"
"577",2015-09-13 22:03:50,-16.736,14,-1,"144443-2015"
"578",2015-09-13 22:58:08,-16.738,14,-1,"144443-2015"
"579",2015-09-15 05:35:21,-16.739,14.005,-1,"144443-2015"
"580",2015-09-15 06:46:09,-16.734,14,-1,"144443-2015"
"581",2015-09-15 06:49:50,-16.737,14.001,-1,"144443-2015"
"582",2015-09-15 07:16:21,-16.731,14.001,-1,"144443-2015"
"583",2015-09-15 11:06:27,-16.737,14.004,-1,"144443-2015"
"584",2015-09-16 15:37:51,-16.738,14.102,-1,"144443-2015"
"585",2015-09-16 17:48:06,-16.743,14.096,-1,"144443-2015"
"586",2015-09-16 17:56:36,-16.736,14.116,-1,"144443-2015"
"587",2015-09-16 18:46:05,-16.741,14.099,-1,"144443-2015"
"588",2015-09-18 02:23:56,-16.748,14.087,-1,"144443-2015"
"589",2015-09-18 04:01:38,-16.745,14.087,-1,"144443-2015"
"590",2015-09-19 10:31:11,-16.773,14.053,-1,"144443-2015"
"591",2015-09-19 12:11:57,-16.763,14.056,-1,"144443-2015"
"592",2015-09-19 15:03:59,-16.759,14.049,-1,"144443-2015"
"593",2015-09-19 17:16:23,-16.765,14.04,-1,"144443-2015"
"594",2015-09-20 19:58:28,-16.736,14.008,-1,"144443-2015"
"595",2015-09-20 21:20:18,-16.735,14.008,-1,"144443-2015"
"596",2015-09-20 22:12:52,-16.737,14.011,-1,"144443-2015"
"597",2015-09-20 23:01:16,-16.736,14.011,-1,"144443-2015"
"598",2015-09-22 06:03:38,-16.763,14.093,-1,"144443-2015"
"599",2015-09-22 06:27:23,-16.761,14.095,-1,"144443-2015"
"600",2015-09-22 07:10:46,-16.761,14.093,-1,"144443-2015"
"601",2015-09-22 07:41:55,-16.746,14.025,-1,"144443-2015"
"602",2015-09-22 08:07:47,-16.742,14.052,-1,"144443-2015"
"603",2015-09-22 09:31:40,-16.757,13.995,-1,"144443-2015"
"604",2015-09-22 11:11:57,-16.759,14.046,-1,"144443-2015"
"605",2015-09-23 16:00:44,-16.739,14.014,-1,"144443-2015"
"606",2015-09-23 18:09:48,-16.755,14.004,-1,"144443-2015"
"607",2015-09-23 18:21:20,-16.753,14.004,-1,"144443-2015"
"608",2015-09-23 18:24:42,-16.743,14.01,-1,"144443-2015"
"609",2015-09-23 19:59:39,-16.733,14.002,-1,"144443-2015"
"610",2015-09-25 02:46:17,-16.735,13.999,-1,"144443-2015"
"611",2015-09-26 10:45:54,-16.726,14,-1,"144443-2015"
"612",2015-09-26 11:22:55,-16.725,14.003,-1,"144443-2015"
"613",2015-09-26 13:47:15,-16.73,14.019,-1,"144443-2015"
"614",2015-09-26 15:25:40,-16.72,14.015,-1,"144443-2015"
"615",2015-09-26 17:36:20,-16.736,14.009,-1,"144443-2015"
"616",2015-09-26 18:26:50,-16.739,14.005,-1,"144443-2015"
"617",2015-09-27 22:13:43,-16.744,14,-1,"144443-2015"
"618",2015-09-29 11:22:23,-16.741,14,-1,"144443-2015"
"619",2015-09-30 16:21:31,-16.73,14.003,-1,"144443-2015"
"620",2015-09-30 16:48:11,-16.73,14.005,-1,"144443-2015"
"621",2015-09-30 18:05:02,-16.733,13.998,-1,"144443-2015"
"622",2015-09-30 18:30:41,-16.734,14.004,-1,"144443-2015"
"623",2015-09-30 18:47:55,-16.734,14.004,-1,"144443-2015"
"624",2015-09-30 19:45:29,-16.734,14,-1,"144443-2015"
"625",2015-09-30 21:13:14,-16.736,13.998,-1,"144443-2015"
"626",2015-10-02 03:10:31,-16.738,13.999,-1,"144443-2015"
"627",2015-10-03 10:47:12,-16.656,13.986,-1,"144443-2015"
"628",2015-10-03 15:47:33,-16.733,14.002,-1,"144443-2015"
"629",2015-10-04 21:27:34,-16.74,14,-1,"144443-2015"
"630",2015-10-04 22:24:52,-16.746,13.999,-1,"144443-2015"
"631",2015-10-04 23:11:43,-16.732,13.998,-1,"144443-2015"
"632",2015-10-05 02:34:09,-16.736,14.002,-1,"144443-2015"
"633",2015-10-06 06:13:52,-16.736,14,-1,"144443-2015"
"634",2015-10-06 06:53:20,-16.731,13.999,-1,"144443-2015"
"635",2015-10-06 07:26:22,-16.733,14.002,-1,"144443-2015"
"636",2015-10-06 09:38:05,-16.722,13.999,-1,"144443-2015"
"637",2015-10-06 10:34:20,-16.728,13.997,-1,"144443-2015"
"638",2015-10-06 11:17:30,-16.725,13.998,-1,"144443-2015"
"639",2015-10-07 18:50:58,-16.732,14.003,-1,"144443-2015"
"640",2015-10-07 19:13:15,-16.734,14.001,-1,"144443-2015"
"641",2015-10-07 19:20:35,-16.733,14,-1,"144443-2015"
"642",2015-10-07 22:06:39,-16.733,14.002,-1,"144443-2015"
"643",2015-10-07 23:01:59,-16.736,14,-1,"144443-2015"
"644",2015-10-07 23:47:57,-16.734,14.014,-1,"144443-2015"
"645",2015-10-09 03:27:30,-16.74,14.001,-1,"144443-2015"
"646",2015-10-09 05:38:30,-16.736,14,-1,"144443-2015"
"647",2015-10-09 05:41:55,-16.734,14,-1,"144443-2015"
"648",2015-10-09 07:16:13,-16.734,14.003,-1,"144443-2015"
"649",2015-10-09 07:22:51,-16.733,14.002,-1,"144443-2015"
"650",2015-10-09 07:33:00,-16.734,14.002,-1,"144443-2015"
"651",2015-10-10 10:50:01,-16.746,14.003,-1,"144443-2015"
"652",2015-10-10 11:33:28,-16.731,14,-1,"144443-2015"
"653",2015-10-10 14:28:28,-16.712,14.017,-1,"144443-2015"
"654",2015-10-10 16:07:35,-16.745,14.019,-1,"144443-2015"
"655",2015-10-10 18:02:09,-16.731,14.003,-1,"144443-2015"
"656",2015-10-10 18:14:48,-16.736,14,-1,"144443-2015"
"657",2015-10-11 22:25:36,-16.75,13.996,-1,"144443-2015"
"658",2015-10-11 23:18:50,-16.762,13.991,-1,"144443-2015"
"659",2015-10-12 02:56:18,-16.735,14,-1,"144443-2015"
"660",2015-10-13 05:42:56,-16.734,14.002,-1,"144443-2015"
"661",2015-10-13 06:29:13,-16.734,13.999,-1,"144443-2015"
"662",2015-10-13 07:19:25,-16.731,14,-1,"144443-2015"
"663",2015-10-13 10:32:40,-16.736,13.995,-1,"144443-2015"
"664",2015-10-13 11:32:16,-16.735,13.997,-1,"144443-2015"
"665",2015-10-13 12:13:33,-16.739,13.993,-1,"144443-2015"
"666",2015-10-14 15:21:34,-16.734,13.997,-1,"144443-2015"
"667",2015-10-14 17:29:29,-16.731,14.001,-1,"144443-2015"
"668",2015-10-14 18:00:14,-16.716,14.008,-1,"144443-2015"
"669",2015-10-14 19:05:36,-16.736,14,-1,"144443-2015"
"670",2015-10-14 19:12:27,-16.727,13.999,-1,"144443-2015"
"671",2015-10-14 20:42:49,-16.726,14,-1,"144443-2015"
"672",2015-10-16 03:47:07,-16.733,14,-1,"144443-2015"
"673",2015-10-16 05:59:35,-16.737,14,-1,"144443-2015"
"674",2015-10-16 06:11:00,-16.735,14.001,-1,"144443-2015"
"675",2015-10-16 07:12:45,-16.727,13.999,-1,"144443-2015"
"676",2015-10-17 10:49:50,-16.729,13.999,-1,"144443-2015"
"677",2015-10-17 14:50:53,-16.74,14,-1,"144443-2015"
"678",2015-10-18 18:00:37,-16.736,14.001,-1,"144443-2015"
"679",2015-10-18 18:22:09,-16.722,14.002,-1,"144443-2015"
"680",2015-10-18 18:39:32,-16.733,14.002,-1,"144443-2015"
"681",2015-10-18 19:41:50,-16.733,14.005,-1,"144443-2015"
"682",2015-10-18 20:19:01,-16.734,14.003,-1,"144443-2015"
"683",2015-10-18 21:39:01,-16.734,14.005,-1,"144443-2015"
"684",2015-10-18 22:33:12,-16.724,14.002,-1,"144443-2015"
"685",2015-10-18 23:20:01,-16.734,14.008,-1,"144443-2015"
"686",2015-10-20 03:08:20,-16.736,14.002,-1,"144443-2015"
"687",2015-10-20 05:10:38,-16.73,13.995,-1,"144443-2015"
"688",2015-10-20 06:12:44,-16.735,14,-1,"144443-2015"
"689",2015-10-20 06:45:23,-16.731,13.999,-1,"144443-2015"
"690",2015-10-20 06:47:26,-16.73,14,-1,"144443-2015"
"691",2015-10-20 07:45:01,-16.736,14.002,-1,"144443-2015"
"692",2015-10-20 09:50:55,-16.74,14.005,-1,"144443-2015"
"693",2015-10-21 11:06:54,-16.74,14.01,-1,"144443-2015"
"694",2015-10-21 15:45:36,-16.731,14.007,-1,"144443-2015"
"695",2015-10-21 17:49:44,-16.738,14.001,-1,"144443-2015"
"696",2015-10-21 18:25:15,-16.746,13.998,-1,"144443-2015"
"697",2015-10-22 19:17:36,-16.759,14.002,-1,"144443-2015"
"698",2015-10-22 19:48:59,-16.729,14,-1,"144443-2015"
"699",2015-10-22 21:55:42,-16.737,13.998,-1,"144443-2015"
"700",2015-10-22 22:50:30,-16.733,14,-1,"144443-2015"
"701",2015-10-23 02:34:36,-16.726,14,-1,"144443-2015"
"702",2015-10-24 03:59:49,-16.73,13.999,-1,"144443-2015"
"703",2015-10-24 06:06:50,-16.733,14.001,-1,"144443-2015"
"704",2015-10-24 06:09:42,-16.735,14.002,-1,"144443-2015"
"705",2015-10-24 06:22:04,-16.733,14.002,-1,"144443-2015"
"706",2015-10-24 07:40:45,-16.735,14.004,-1,"144443-2015"
"707",2015-10-24 07:46:18,-16.736,14.004,-1,"144443-2015"
"708",2015-10-24 08:00:48,-16.741,14.003,-1,"144443-2015"
"709",2015-10-24 10:06:44,-16.743,14.008,-1,"144443-2015"
"710",2015-10-24 11:01:50,-16.739,14.001,-1,"144443-2015"
"711",2015-10-25 15:00:40,-16.735,13.999,-1,"144443-2015"
"712",2015-10-25 18:20:38,-16.75,14.001,-1,"144443-2015"
"713",2015-10-25 18:30:35,-16.75,13.999,-1,"144443-2015"
"714",2015-10-25 18:44:22,-16.74,14.001,-1,"144443-2015"
"715",2015-10-25 19:59:25,-16.733,13.998,-1,"144443-2015"
"716",2015-10-26 22:14:31,-16.736,13.999,-1,"144443-2015"
"717",2015-10-27 03:23:09,-16.735,13.999,-1,"144443-2015"
"718",2015-10-28 06:08:25,-16.734,13.999,-1,"144443-2015"
"719",2015-10-28 06:55:10,-16.737,14.001,-1,"144443-2015"
"720",2015-10-28 07:35:24,-16.732,14.001,-1,"144443-2015"
"721",2015-10-28 10:23:28,-16.738,14.003,-1,"144443-2015"
"722",2015-10-28 11:21:30,-16.741,14.009,-1,"144443-2015"
"723",2015-10-29 15:55:54,-16.73,13.999,-1,"144443-2015"
"724",2015-10-29 18:01:07,-16.739,14,-1,"144443-2015"
"725",2015-10-29 18:25:39,-16.733,14.002,-1,"144443-2015"
"726",2015-10-29 19:27:15,-16.733,14.001,-1,"144443-2015"
"727",2015-10-29 21:12:22,-16.734,14,-1,"144443-2015"
"728",2015-10-30 22:32:41,-16.73,14.001,-1,"144443-2015"
"729",2015-10-30 23:23:59,-16.73,14.002,-1,"144443-2015"
"730",2015-10-31 02:43:34,-16.74,13.999,-1,"144443-2015"
"731",2015-10-31 04:22:06,-16.736,14,-1,"144443-2015"
"732",2015-10-31 06:04:11,-16.732,14.002,-1,"144443-2015"
"733",2015-10-31 06:23:05,-16.733,13.999,-1,"144443-2015"
"734",2015-11-01 07:13:37,-16.732,13.999,-1,"144443-2015"
"735",2015-11-01 07:47:27,-16.737,13.974,-1,"144443-2015"
"736",2015-11-01 07:50:49,-16.728,14.001,-1,"144443-2015"
"737",2015-11-01 10:37:48,-16.758,14.007,-1,"144443-2015"
"738",2015-11-01 12:21:14,-16.761,13.98,-1,"144443-2015"
"739",2015-11-02 17:11:31,-16.737,14,-1,"144443-2015"
"740",2015-11-02 18:26:11,-16.752,14,-1,"144443-2015"
"741",2015-11-02 18:52:52,-16.73,14,-1,"144443-2015"
"742",2015-11-02 19:07:24,-16.733,13.999,-1,"144443-2015"
"743",2015-11-02 21:29:46,-16.739,13.994,-1,"144443-2015"
"744",2015-11-02 23:10:38,-16.731,13.998,-1,"144443-2015"
"745",2015-11-04 03:33:08,-16.732,13.999,-1,"144443-2015"
"746",2015-11-04 05:38:52,-16.732,13.999,-1,"144443-2015"
"747",2015-11-04 06:29:03,-16.733,13.999,-1,"144443-2015"
"748",2015-11-04 07:15:00,-16.734,14.001,-1,"144443-2015"
"749",2015-11-04 07:18:03,-16.732,14.002,-1,"144443-2015"
"750",2015-11-05 10:12:59,-16.725,13.996,-1,"144443-2015"
"751",2015-11-05 10:57:21,-16.747,14.005,-1,"144443-2015"
"752",2015-11-05 14:36:56,-16.743,14.005,-1,"144443-2015"
"753",2015-11-05 16:19:28,-16.735,14.045,-1,"144443-2015"
"754",2015-11-06 18:11:03,-16.735,14.001,-1,"144443-2015"
"755",2015-11-06 18:24:17,-16.747,13.996,-1,"144443-2015"
"756",2015-11-06 18:43:35,-16.736,14,-1,"144443-2015"
"757",2015-11-06 20:18:41,-16.743,14.001,-1,"144443-2015"
"758",2015-11-06 21:44:22,-16.736,14.003,-1,"144443-2015"
"759",2015-11-06 22:41:49,-16.731,14,-1,"144443-2015"
"760",2015-11-06 23:28:09,-16.733,14.005,-1,"144443-2015"
"761",2015-11-08 02:54:22,-16.735,14.001,-1,"144443-2015"
"762",2015-11-08 04:29:34,-16.735,13.999,-1,"144443-2015"
"763",2015-11-08 06:29:14,-16.732,13.999,-1,"144443-2015"
"764",2015-11-08 06:35:23,-16.734,14,-1,"144443-2015"
"765",2015-11-08 06:50:14,-16.734,14,-1,"144443-2015"
"766",2015-11-08 09:56:25,-16.729,14.002,-1,"144443-2015"
"767",2015-11-09 11:15:13,-16.729,14.002,-1,"144443-2015"
"768",2015-11-09 15:33:01,-16.734,14.012,-1,"144443-2015"
"769",2015-11-09 17:31:33,-16.733,14.001,-1,"144443-2015"
"770",2015-11-09 18:43:19,-16.745,14.004,-1,"144443-2015"
"771",2015-11-09 18:59:44,-16.736,14.005,-1,"144443-2015"
"772",2015-11-10 19:56:47,-16.734,13.998,-1,"144443-2015"
"773",2015-11-10 22:02:54,-16.74,14,-1,"144443-2015"
"774",2015-11-10 22:58:20,-16.738,13.998,-1,"144443-2015"
"775",2015-11-11 02:15:51,-16.731,14.003,-1,"144443-2015"
"776",2015-11-12 05:48:22,-16.734,13.998,-1,"144443-2015"
"777",2015-11-12 06:24:29,-16.733,13.999,-1,"144443-2015"
"778",2015-11-12 06:33:11,-16.735,13.999,-1,"144443-2015"
"779",2015-11-12 07:23:05,-16.734,14.001,-1,"144443-2015"
"780",2015-11-12 08:06:27,-16.73,13.993,-1,"144443-2015"
"781",2015-11-12 10:10:46,-16.741,14.004,-1,"144443-2015"
"782",2015-11-12 11:10:32,-16.739,14.001,-1,"144443-2015"
"783",2015-11-12 11:54:17,-16.744,14.002,-1,"144443-2015"
"784",2015-11-13 14:48:23,-16.735,13.999,-1,"144443-2015"
"785",2015-11-13 16:28:36,-16.735,14.019,-1,"144443-2015"
"786",2015-11-13 18:16:35,-16.734,13.996,-1,"144443-2015"
"787",2015-11-13 18:30:39,-16.72,14.002,-1,"144443-2015"
"788",2015-11-13 18:53:05,-16.731,14.002,-1,"144443-2015"
"789",2015-11-13 20:02:32,-16.733,14,-1,"144443-2015"
"790",2015-11-13 20:58:38,-16.727,14.01,-1,"144443-2015"
"791",2015-11-14 22:20:20,-16.739,13.998,-1,"144443-2015"
"792",2015-11-15 03:11:17,-16.736,14.002,-1,"144443-2015"
"793",2015-11-15 04:53:41,-16.743,14.002,-1,"144443-2015"
"794",2015-11-16 06:37:00,-16.385,16.326,-1,"144443-2015"
"795",2015-11-16 06:39:34,-16.387,16.327,-1,"144443-2015"
"796",2015-11-16 07:45:16,-16.436,16.296,-1,"144443-2015"
"797",2015-11-16 08:12:23,-16.425,16.306,-1,"144443-2015"
"798",2015-11-16 10:28:28,-16.372,16.389,-1,"144443-2015"
"799",2015-11-16 11:23:47,-16.352,16.393,-1,"144443-2015"
"800",2015-11-17 15:42:58,-16.351,16.392,-1,"144443-2015"
"801",2015-11-17 17:40:54,-16.425,16.438,-1,"144443-2015"
"802",2015-11-17 17:56:37,-16.268,16.534,-1,"144443-2015"
"803",2015-11-17 18:55:56,-16.343,16.539,-1,"144443-2015"
"804",2015-11-17 19:32:06,-16.482,16.6,-1,"144443-2015"
"805",2015-11-17 21:16:52,-16.392,16.642,-1,"144443-2015"
"806",2015-11-17 22:12:21,-16.399,16.63,-1,"144443-2015"
"807",2015-11-19 02:29:34,-16.363,16.558,-1,"144443-2015"
"808",2015-11-19 04:11:07,-16.359,16.554,-1,"144443-2015"
"809",2015-11-19 06:06:06,-16.36,16.554,-1,"144443-2015"
"810",2015-11-19 06:06:45,-16.361,16.554,-1,"144443-2015"
"811",2015-11-20 07:34:21,-16.522,16.504,-1,"144443-2015"
"812",2015-11-20 08:13:39,-16.52,16.498,-1,"144443-2015"
"813",2015-11-20 10:45:35,-16.31,16.587,-1,"144443-2015"
"814",2015-11-20 15:09:21,-16.328,16.589,-1,"144443-2015"
"815",2015-11-21 18:33:47,-16.339,16.535,-1,"144443-2015"
"816",2015-11-21 18:56:07,-16.34,16.535,-1,"144443-2015"
"817",2015-11-21 19:10:55,-16.346,16.535,-1,"144443-2015"
"818",2015-11-21 21:34:59,-16.338,16.533,-1,"144443-2015"
"819",2015-11-21 23:18:06,-16.335,16.529,-1,"144443-2015"
"820",2015-11-23 03:23:06,-16.336,16.554,-1,"144443-2015"
"821",2015-11-23 05:21:07,-16.333,16.553,-1,"144443-2015"
"822",2015-11-23 06:57:14,-16.342,16.547,-1,"144443-2015"
"823",2015-11-23 07:02:40,-16.342,16.547,-1,"144443-2015"
"824",2015-11-23 07:20:21,-16.354,16.556,-1,"144443-2015"
"825",2015-11-23 09:48:07,-16.328,16.534,-1,"144443-2015"
"826",2015-11-24 11:04:28,-16.301,16.563,-1,"144443-2015"
"827",2015-11-24 14:24:17,-16.297,16.562,-1,"144443-2015"
"828",2015-11-24 16:04:24,-16.306,16.565,-1,"144443-2015"
"829",2015-11-24 17:43:32,-16.359,16.556,-1,"144443-2015"
"830",2015-11-24 18:00:25,-16.36,16.556,-1,"144443-2015"
"831",2015-11-25 21:52:23,-16.338,16.527,-1,"144443-2015"
"832",2015-11-25 22:48:56,-16.339,16.52,-1,"144443-2015"
"833",2015-11-26 02:46:13,-16.335,16.529,-1,"144443-2015"
"834",2015-11-27 04:19:24,-16.331,16.532,-1,"144443-2015"
"835",2015-11-27 05:21:48,-16.334,16.532,-1,"144443-2015"
"836",2015-11-27 06:11:57,-16.335,16.529,-1,"144443-2015"
"837",2015-11-27 07:00:25,-16.333,16.53,-1,"144443-2015"
"838",2015-11-27 10:02:16,-16.359,16.559,-1,"144443-2015"
"839",2015-11-27 11:42:09,-16.349,16.626,-1,"144443-2015"
"840",2015-11-28 15:20:35,-16.338,16.574,-1,"144443-2015"
"841",2015-11-28 17:12:10,-16.344,16.531,-1,"144443-2015"
"842",2015-11-28 17:41:23,-16.347,16.531,-1,"144443-2015"
"843",2015-11-28 18:45:04,-16.346,16.531,-1,"144443-2015"
"844",2015-11-28 18:57:30,-16.34,16.532,-1,"144443-2015"
"845",2015-11-28 19:23:40,-16.337,16.531,-1,"144443-2015"
"846",2015-11-29 22:11:54,-16.372,16.525,-1,"144443-2015"
"847",2015-11-30 03:45:44,-16.334,16.53,-1,"144443-2015"
"848",2015-11-30 05:45:19,-16.34,16.528,-1,"144443-2015"
"849",2015-12-01 07:05:07,-16.321,16.546,-1,"144443-2015"
"850",2015-12-01 07:08:00,-16.326,16.547,-1,"144443-2015"
"851",2015-12-01 10:17:20,-16.325,16.547,-1,"144443-2015"
"852",2015-12-01 11:58:28,-16.333,16.546,-1,"144443-2015"
"853",2015-12-01 14:45:12,-16.334,16.547,-1,"144443-2015"
"854",2015-12-02 16:16:32,-16.326,16.549,-1,"144443-2015"
"855",2015-12-02 18:07:30,-16.333,16.544,-1,"144443-2015"
"856",2015-12-02 20:03:30,-16.328,16.544,-1,"144443-2015"
"857",2015-12-04 03:04:16,-16.327,16.539,-1,"144443-2015"
"858",2015-12-04 05:50:22,-16.328,16.541,-1,"144443-2015"
"859",2015-12-04 06:33:11,-16.33,16.547,-1,"144443-2015"
"860",2015-12-04 06:33:43,-16.329,16.547,-1,"144443-2015"
"861",2015-12-04 07:25:41,-16.33,16.546,-1,"144443-2015"
"862",2015-12-04 08:13:29,-16.333,16.552,-1,"144443-2015"
"863",2015-12-05 15:41:41,-16.33,16.539,-1,"144443-2015"
"864",2015-12-05 17:32:50,-16.325,16.547,-1,"144443-2015"
"865",2015-12-05 18:07:30,-16.325,16.548,-1,"144443-2015"
"866",2015-12-05 18:30:21,-16.329,16.548,-1,"144443-2015"
"867",2015-12-06 21:25:23,-16.376,16.341,-1,"144443-2015"
"868",2015-12-06 22:21:31,-16.378,16.339,-1,"144443-2015"
"869",2015-12-07 02:25:50,-16.381,16.334,-1,"144443-2015"
"870",2015-12-07 04:07:16,-16.374,16.335,-1,"144443-2015"
"871",2015-12-08 06:08:56,-16.377,16.327,-1,"144443-2015"
"872",2015-12-08 07:27:30,-16.366,16.302,-1,"144443-2015"
"873",2015-12-08 07:27:43,-16.395,16.31,-1,"144443-2015"
"874",2015-12-08 07:47:14,-16.387,16.344,-1,"144443-2015"
"875",2015-12-08 09:34:37,-16.391,16.35,-1,"144443-2015"
"876",2015-12-08 11:13:08,-16.422,16.321,-1,"144443-2015"
"877",2015-12-09 16:39:19,-16.388,16.348,-1,"144443-2015"
"878",2015-12-09 18:12:56,-16.394,16.342,-1,"144443-2015"
"879",2015-12-09 19:42:03,-16.404,16.339,-1,"144443-2015"
"880",2015-12-10 22:38:56,-16.378,16.336,-1,"144443-2015"
"881",2015-12-10 23:29:21,-16.383,16.333,-1,"144443-2015"
"882",2015-12-11 03:19:25,-16.377,16.336,-1,"144443-2015"
"883",2015-12-11 06:15:06,-16.387,16.336,-1,"144443-2015"
"884",2015-12-11 06:15:37,-16.374,16.333,-1,"144443-2015"
"885",2015-12-12 07:21:07,-16.376,16.338,-1,"144443-2015"
"886",2015-12-12 07:27:20,-16.411,16.42,-1,"144443-2015"
"887",2015-12-12 09:52:32,-16.366,16.37,-1,"144443-2015"
"888",2015-12-12 11:30:20,-16.394,16.358,-1,"144443-2015"
"889",2015-12-12 14:24:18,-16.395,16.342,-1,"144443-2015"
"890",2015-12-13 17:43:17,-16.39,16.345,-1,"144443-2015"
"891",2015-12-13 18:07:05,-16.39,16.35,-1,"144443-2015"
"892",2015-12-13 19:12:56,-16.392,16.348,-1,"144443-2015"
"893",2015-12-13 19:25:54,-16.403,16.338,-1,"144443-2015"
"894",2015-12-13 22:21:20,-16.409,16.327,-1,"144443-2015"
"895",2015-12-15 02:37:41,-16.375,16.343,-1,"144443-2015"
"896",2015-12-15 04:17:32,-16.37,16.344,-1,"144443-2015"
"897",2015-12-15 06:07:30,-16.379,16.336,-1,"144443-2015"
"898",2015-12-15 06:13:13,-16.376,16.338,-1,"144443-2015"
"899",2015-12-15 07:31:56,-16.37,16.323,-1,"144443-2015"
"900",2015-12-16 10:12:07,-16.396,16.344,-1,"144443-2015"
"901",2015-12-16 11:51:09,-16.401,16.344,-1,"144443-2015"
"902",2015-12-16 15:16:45,-16.308,16.366,-1,"144443-2015"
"903",2015-12-16 16:56:01,-16.295,16.365,-1,"144443-2015"
"904",2015-12-17 22:39:35,-16.375,16.339,-1,"144443-2015"
"905",2015-12-19 03:38:33,-16.382,16.365,-1,"144443-2015"
"906",2015-12-19 06:17:29,-16.38,16.338,-1,"144443-2015"
"907",2015-12-19 06:57:25,-16.377,16.34,-1,"144443-2015"
"908",2015-12-19 06:59:59,-16.379,16.34,-1,"144443-2015"
"909",2015-12-19 07:50:57,-16.396,16.346,-1,"144443-2015"
"910",2015-12-19 10:45:10,-16.431,16.359,-1,"144443-2015"
"911",2015-12-20 14:33:56,-16.387,16.349,-1,"144443-2015"
"912",2015-12-20 16:12:38,-16.403,16.344,-1,"144443-2015"
"913",2015-12-20 18:01:20,-16.395,16.346,-1,"144443-2015"
"914",2015-12-20 18:39:21,-16.373,16.35,-1,"144443-2015"
"915",2015-12-20 18:55:08,-16.398,16.349,-1,"144443-2015"
"916",2015-12-21 21:15:35,-16.394,16.353,-1,"144443-2015"
"917",2015-12-21 22:06:46,-16.395,16.344,-1,"144443-2015"
"918",2015-12-21 22:55:42,-16.392,16.35,-1,"144443-2015"
"919",2015-12-22 02:54:03,-16.417,16.356,-1,"144443-2015"
"920",2015-12-23 06:16:11,-16.393,16.347,-1,"144443-2015"
"921",2015-12-23 06:18:29,-16.395,16.346,-1,"144443-2015"
"922",2015-12-23 06:35:15,-16.391,16.346,-1,"144443-2015"
"923",2015-12-23 09:28:02,-16.388,16.346,-1,"144443-2015"
"924",2015-12-23 11:02:34,-16.394,16.348,-1,"144443-2015"
"925",2015-12-24 15:28:53,-16.389,16.347,-1,"144443-2015"
"926",2015-12-24 18:27:55,-16.394,16.349,-1,"144443-2015"
"927",2015-12-24 18:38:21,-16.38,16.35,-1,"144443-2015"
"928",2015-12-24 18:57:06,-16.392,16.348,-1,"144443-2015"
"929",2015-12-24 20:10:46,-16.393,16.348,-1,"144443-2015"
"930",2015-12-24 21:52:28,-16.395,16.346,-1,"144443-2015"
"931",2015-12-24 22:44:54,-16.385,16.344,-1,"144443-2015"
"932",2015-12-26 03:50:10,-16.389,16.346,-1,"144443-2015"
"933",2015-12-26 06:40:21,-16.394,16.347,-1,"144443-2015"
"934",2015-12-26 06:41:23,-16.393,16.347,-1,"144443-2015"
"935",2015-12-26 07:21:31,-16.394,16.347,-1,"144443-2015"
"936",2015-12-27 11:23:34,-16.392,16.349,-1,"144443-2015"
"937",2015-12-27 14:53:28,-16.393,16.347,-1,"144443-2015"
"938",2015-12-27 17:25:02,-16.387,16.349,-1,"144443-2015"
"939",2015-12-28 18:41:02,-16.409,16.348,-1,"144443-2015"
"940",2015-12-28 19:46:58,-16.386,16.317,-1,"144443-2015"
"941",2015-12-28 22:10:12,-16.392,16.32,-1,"144443-2015"
"942",2015-12-30 04:48:55,-16.238,16.41,-1,"144443-2015"
"943",2015-12-30 06:18:08,-16.243,16.399,-1,"144443-2015"
"944",2015-12-30 06:36:57,-16.233,16.405,-1,"144443-2015"
"945",2015-12-30 06:41:52,-16.233,16.405,-1,"144443-2015"
"946",2015-12-30 07:59:15,-16.27,16.439,-1,"144443-2015"
"947",2015-12-30 11:16:18,-16.254,16.428,-1,"144443-2015"
"948",2015-12-31 15:49:21,-16.389,16.352,-1,"144443-2015"
"949",2015-12-31 17:38:32,-16.385,16.349,-1,"144443-2015"
"950",2015-12-31 19:00:27,-16.393,16.35,-1,"144443-2015"
"951",2015-12-31 19:51:22,-16.386,16.321,-1,"144443-2015"
