,date_time,longitude,latitude,b,id
1,1/1/2017 3:53,-16.345,16.452,-1,123424-2017
2,1/1/2017 7:07,-16.332,16.472,-1,123424-2017
3,1/1/2017 7:37,-16.454,16.487,-1,123424-2017
4,1/1/2017 7:38,-16.42,16.462,-1,123424-2017
5,1/2/2017 16:31,-16.345,16.446,-1,123424-2017
6,1/3/2017 18:30,-16.428,16.419,-1,123424-2017
7,1/3/2017 19:00,-16.341,16.461,-1,123424-2017
8,1/3/2017 19:04,-16.342,16.461,-1,123424-2017
9,1/3/2017 22:15,-16.332,16.472,-1,123424-2017
10,1/5/2017 4:43,-16.323,16.466,-1,123424-2017
11,1/5/2017 7:08,-16.339,16.451,-1,123424-2017
12,1/5/2017 7:12,-16.34,16.452,-1,123424-2017
13,1/5/2017 8:29,-16.34,16.454,-1,123424-2017
14,1/6/2017 10:03,-16.34,16.453,-1,123424-2017
15,1/6/2017 10:54,-16.355,16.464,-1,123424-2017
16,1/6/2017 15:45,-16.34,16.455,-1,123424-2017
17,1/7/2017 18:38,-16.329,16.443,-1,123424-2017
18,1/7/2017 18:59,-16.328,16.444,-1,123424-2017
19,1/7/2017 19:20,-16.331,16.443,-1,123424-2017
20,1/7/2017 20:16,-16.333,16.444,-1,123424-2017
21,1/7/2017 21:43,-16.334,16.445,-1,123424-2017
22,1/7/2017 22:32,-16.327,16.444,-1,123424-2017
23,1/9/2017 3:58,-16.337,16.472,-1,123424-2017
24,1/10/2017 10:21,-16.342,16.458,-1,123424-2017
25,1/11/2017 18:35,-16.342,16.462,-1,123424-2017
26,1/11/2017 19:00,-16.338,16.463,-1,123424-2017
27,1/11/2017 19:48,-16.329,16.464,-1,123424-2017
28,1/13/2017 3:12,-16.337,16.454,-1,123424-2017
29,1/13/2017 4:49,-16.34,16.455,-1,123424-2017
30,1/14/2017 10:38,-16.341,16.46,-1,123424-2017
31,1/14/2017 15:53,-16.402,16.447,-1,123424-2017
32,1/15/2017 19:00,-16.337,16.474,-1,123424-2017
33,1/15/2017 19:25,-16.331,16.471,-1,123424-2017
34,1/15/2017 19:29,-16.332,16.471,-1,123424-2017
35,1/15/2017 21:12,-16.338,16.475,-1,123424-2017
36,1/15/2017 21:28,-16.343,16.477,-1,123424-2017
37,1/15/2017 22:19,-16.339,16.47,-1,123424-2017
38,1/15/2017 23:08,-16.335,16.471,-1,123424-2017
39,1/17/2017 4:07,-16.336,16.471,-1,123424-2017
40,1/17/2017 7:04,-16.34,16.466,-1,123424-2017
41,1/18/2017 10:55,-16.351,16.461,-1,123424-2017
42,1/18/2017 15:11,-16.359,16.46,-1,123424-2017
43,1/18/2017 16:51,-16.348,16.455,-1,123424-2017
44,1/19/2017 19:05,-16.337,16.461,-1,123424-2017
45,1/19/2017 19:05,-16.337,16.461,-1,123424-2017
46,1/19/2017 20:26,-16.335,16.46,-1,123424-2017
47,1/19/2017 21:42,-16.338,16.462,-1,123424-2017
48,1/19/2017 22:37,-16.338,16.462,-1,123424-2017
49,1/21/2017 3:23,-16.333,16.466,-1,123424-2017
50,1/21/2017 5:04,-16.328,16.466,-1,123424-2017
51,1/21/2017 7:05,-16.333,16.469,-1,123424-2017
52,1/21/2017 7:12,-16.324,16.464,-1,123424-2017
53,1/21/2017 7:15,-16.324,16.49,-1,123424-2017
54,1/21/2017 8:49,-16.342,16.47,-1,123424-2017
55,1/21/2017 9:51,-16.342,16.465,-1,123424-2017
56,1/21/2017 10:47,-16.354,16.467,-1,123424-2017
57,1/22/2017 11:10,-16.329,16.458,-1,123424-2017
58,1/22/2017 16:04,-16.339,16.467,-1,123424-2017
59,1/23/2017 19:00,-16.339,16.461,-1,123424-2017
60,1/23/2017 19:37,-16.34,16.461,-1,123424-2017
61,1/23/2017 20:22,-16.341,16.458,-1,123424-2017
62,1/23/2017 22:00,-16.344,16.461,-1,123424-2017
63,1/23/2017 22:54,-16.349,16.453,-1,123424-2017
64,1/25/2017 4:17,-16.337,16.471,-1,123424-2017
65,1/25/2017 6:47,-16.332,16.47,-1,123424-2017
66,1/25/2017 7:06,-16.328,16.47,-1,123424-2017
67,1/25/2017 8:05,-16.336,16.459,-1,123424-2017
68,1/25/2017 10:11,-16.341,16.461,-1,123424-2017
69,1/26/2017 10:43,-16.375,16.473,-1,123424-2017
70,1/26/2017 11:27,-16.341,16.479,-1,123424-2017
71,1/26/2017 15:17,-16.344,16.466,-1,123424-2017
72,1/26/2017 17:48,-16.342,16.473,-1,123424-2017
73,1/27/2017 18:15,-16.321,16.466,-1,123424-2017
74,1/27/2017 18:50,-16.342,16.46,-1,123424-2017
75,1/27/2017 19:01,-16.338,16.462,-1,123424-2017
76,1/27/2017 19:55,-16.342,16.462,-1,123424-2017
77,1/27/2017 22:17,-16.336,16.463,-1,123424-2017
78,1/29/2017 3:31,-16.326,16.468,-1,123424-2017
79,1/29/2017 6:24,-16.329,16.466,-1,123424-2017
80,1/29/2017 7:12,-16.329,16.468,-1,123424-2017
81,1/29/2017 7:19,-16.336,16.482,-1,123424-2017
82,1/30/2017 10:58,-16.305,16.465,-1,123424-2017
83,1/30/2017 11:47,-16.331,16.453,-1,123424-2017
84,1/30/2017 14:31,-16.344,16.458,-1,123424-2017
85,1/30/2017 16:12,-16.328,16.471,-1,123424-2017
86,1/31/2017 19:06,-16.325,16.472,-1,123424-2017
87,1/31/2017 19:29,-16.315,16.47,-1,123424-2017
88,1/31/2017 19:49,-16.326,16.466,-1,123424-2017
89,1/31/2017 21:49,-16.327,16.465,-1,123424-2017
90,1/31/2017 22:35,-16.329,16.466,-1,123424-2017
91,2/2/2017 4:25,-16.33,16.468,-1,123424-2017
92,2/2/2017 6:02,-16.326,16.467,-1,123424-2017
93,2/2/2017 7:08,-16.327,16.467,-1,123424-2017
94,2/2/2017 7:42,-16.314,16.463,-1,123424-2017
95,2/3/2017 7:58,-16.328,16.472,-1,123424-2017
96,2/3/2017 8:19,-16.331,16.462,-1,123424-2017
97,2/3/2017 10:22,-16.326,16.467,-1,123424-2017
98,2/3/2017 15:26,-16.331,16.469,-1,123424-2017
99,2/4/2017 16:57,-16.367,16.409,-1,123424-2017
100,2/4/2017 18:58,-16.367,16.408,-1,123424-2017
101,2/4/2017 19:02,-16.327,16.469,-1,123424-2017
102,2/4/2017 19:06,-16.326,16.469,-1,123424-2017
103,2/4/2017 20:43,-16.327,16.465,-1,123424-2017
104,2/4/2017 22:07,-16.33,16.468,-1,123424-2017
105,2/4/2017 22:52,-16.329,16.469,-1,123424-2017
106,2/6/2017 3:41,-16.327,16.467,-1,123424-2017
107,2/6/2017 5:19,-16.326,16.47,-1,123424-2017
108,2/6/2017 5:36,-16.326,16.47,-1,123424-2017
109,2/6/2017 7:08,-16.321,16.468,-1,123424-2017
110,2/6/2017 7:14,-16.325,16.465,-1,123424-2017
111,2/6/2017 7:22,-16.322,16.459,-1,123424-2017
112,2/7/2017 8:21,-16.315,16.464,-1,123424-2017
113,2/7/2017 8:52,-16.324,16.463,-1,123424-2017
114,2/7/2017 10:39,-16.342,16.466,-1,123424-2017
115,2/7/2017 14:42,-16.352,16.47,-1,123424-2017
116,2/8/2017 16:14,-16.317,16.468,-1,123424-2017
117,2/8/2017 18:43,-16.321,16.467,-1,123424-2017
118,2/8/2017 18:59,-16.332,16.467,-1,123424-2017
119,2/8/2017 19:53,-16.327,16.466,-1,123424-2017
120,2/8/2017 20:18,-16.324,16.472,-1,123424-2017
121,2/8/2017 21:28,-16.31,16.486,-1,123424-2017
122,2/8/2017 22:24,-16.307,16.474,-1,123424-2017
123,2/8/2017 23:11,-16.333,16.471,-1,123424-2017
124,2/10/2017 2:56,-16.336,16.462,-1,123424-2017
125,2/10/2017 4:35,-16.334,16.469,-1,123424-2017
126,2/10/2017 6:51,-16.354,16.469,-1,123424-2017
127,2/10/2017 7:07,-16.323,16.466,-1,123424-2017
128,2/11/2017 8:07,-16.34,16.455,-1,123424-2017
129,2/11/2017 11:01,-16.326,16.457,-1,123424-2017
130,2/12/2017 15:24,-16.327,16.455,-1,123424-2017
131,2/12/2017 18:17,-16.318,16.46,-1,123424-2017
132,2/12/2017 19:04,-16.334,16.455,-1,123424-2017
133,2/12/2017 19:06,-16.333,16.453,-1,123424-2017
134,2/12/2017 19:55,-16.33,16.451,-1,123424-2017
135,2/12/2017 21:45,-16.333,16.468,-1,123424-2017
136,2/12/2017 22:41,-16.334,16.467,-1,123424-2017
137,2/13/2017 23:09,-15.35,20.431,-1,123424-2017
138,2/14/2017 3:46,-15.047,23.275,-1,123424-2017
139,2/14/2017 4:49,-15.179,23.678,-1,123424-2017
140,2/14/2017 5:25,-15.069,24.451,-1,123424-2017
141,2/14/2017 5:29,-14.783,24.353,-1,123424-2017
142,2/15/2017 6:01,-9.544,37.537,-1,123424-2017
143,2/15/2017 6:36,-9.295,37.955,-1,123424-2017
144,2/15/2017 7:09,-9.539,38.356,-1,123424-2017
145,2/15/2017 7:40,-9.774,38.691,-1,123424-2017
146,2/15/2017 8:18,-9.771,38.658,-1,123424-2017
147,2/15/2017 8:52,-9.132,38.56,-1,123424-2017
148,2/15/2017 9:31,-8.941,38.693,-1,123424-2017
149,2/15/2017 10:24,-8.978,38.808,-1,123424-2017
150,2/15/2017 11:10,-8.943,38.8,-1,123424-2017
151,2/15/2017 12:49,-9.143,38.79,-1,123424-2017
152,2/16/2017 14:46,-8.987,38.926,-1,123424-2017
153,2/16/2017 17:31,-8.977,38.924,-1,123424-2017
154,2/16/2017 17:44,-8.986,38.928,-1,123424-2017
155,2/16/2017 18:27,-8.968,38.925,-1,123424-2017
156,2/16/2017 19:10,-8.983,38.925,-1,123424-2017
157,2/16/2017 19:24,-8.982,38.923,-1,123424-2017
158,2/16/2017 20:06,-8.951,38.91,-1,123424-2017
159,2/17/2017 20:07,-8.896,38.946,-1,123424-2017
160,2/17/2017 20:32,-8.893,38.948,-1,123424-2017
161,2/17/2017 21:01,-8.896,38.948,-1,123424-2017
162,2/17/2017 21:48,-8.893,38.944,-1,123424-2017
163,2/17/2017 22:42,-8.895,38.939,-1,123424-2017
164,2/19/2017 4:27,-8.908,38.947,-1,123424-2017
165,2/19/2017 5:37,-8.903,38.944,-1,123424-2017
166,2/19/2017 6:36,-8.902,38.941,-1,123424-2017
167,2/19/2017 7:17,-8.901,38.939,-1,123424-2017
168,2/19/2017 8:07,-8.863,38.977,-1,123424-2017
169,2/19/2017 8:15,-8.865,38.945,-1,123424-2017
170,2/19/2017 9:48,-8.936,38.925,-1,123424-2017
171,2/19/2017 10:42,-8.924,38.921,-1,123424-2017
172,2/19/2017 11:28,-8.951,38.918,-1,123424-2017
173,2/20/2017 13:57,-8.916,38.938,-1,123424-2017
174,2/20/2017 15:42,-8.904,38.944,-1,123424-2017
175,2/20/2017 17:20,-8.909,38.945,-1,123424-2017
176,2/20/2017 17:31,-8.902,38.945,-1,123424-2017
177,2/20/2017 17:44,-8.903,38.946,-1,123424-2017
178,2/20/2017 19:00,-8.899,38.945,-1,123424-2017
179,2/20/2017 19:11,-8.904,38.943,-1,123424-2017
180,2/20/2017 19:22,-8.895,38.946,-1,123424-2017
181,2/21/2017 20:07,-8.91,38.942,-1,123424-2017
182,2/21/2017 20:24,-8.909,38.943,-1,123424-2017
183,2/21/2017 21:17,-8.907,38.946,-1,123424-2017
184,2/21/2017 22:07,-8.861,38.952,-1,123424-2017
185,2/23/2017 3:42,-8.89,39.043,-1,123424-2017
186,2/23/2017 5:13,-8.889,39.05,-1,123424-2017
187,2/23/2017 5:19,-8.887,39.048,-1,123424-2017
188,2/23/2017 6:37,-8.899,39.038,-1,123424-2017
189,2/23/2017 6:53,-8.899,39.038,-1,123424-2017
190,2/23/2017 10:05,-8.899,39.04,-1,123424-2017
191,2/24/2017 11:24,-8.936,39.024,-1,123424-2017
192,2/24/2017 14:55,-8.937,39.023,-1,123424-2017
193,2/24/2017 16:37,-8.899,39.027,-1,123424-2017
194,2/25/2017 19:42,-8.744,38.554,-1,123424-2017
195,2/25/2017 20:06,-8.699,38.539,-1,123424-2017
196,2/25/2017 20:28,-8.697,38.546,-1,123424-2017
197,2/25/2017 20:41,-8.995,38.761,-1,123424-2017
198,2/25/2017 21:23,-8.964,38.791,-1,123424-2017
199,2/25/2017 22:24,-8.885,39.048,-1,123424-2017
200,2/27/2017 4:36,-8.891,39.042,-1,123424-2017
201,2/28/2017 11:41,-8.9,39.047,-1,123424-2017
202,2/28/2017 14:08,-8.885,39.037,-1,123424-2017
203,2/28/2017 15:51,-8.901,39.038,-1,123424-2017
204,3/1/2017 19:18,-8.848,38.947,-1,123424-2017
205,3/1/2017 19:20,-8.848,38.947,-1,123424-2017
206,3/1/2017 20:59,-8.861,38.959,-1,123424-2017
207,3/1/2017 21:01,-8.848,38.944,-1,123424-2017
208,3/1/2017 21:56,-8.841,38.943,-1,123424-2017
209,3/3/2017 5:30,-8.846,38.95,-1,123424-2017
210,3/3/2017 6:37,-8.849,38.947,-1,123424-2017
211,3/3/2017 7:26,-8.848,38.945,-1,123424-2017
212,3/3/2017 7:44,-8.851,38.945,-1,123424-2017
213,3/3/2017 8:17,-8.842,38.947,-1,123424-2017
214,3/3/2017 9:07,-8.867,38.959,-1,123424-2017
215,3/4/2017 12:00,-8.819,38.684,-1,123424-2017
216,3/4/2017 15:05,-8.852,38.948,-1,123424-2017
217,3/4/2017 17:46,-8.859,38.95,-1,123424-2017
218,3/5/2017 20:33,-8.855,38.959,-1,123424-2017
219,3/5/2017 20:37,-8.855,38.959,-1,123424-2017
220,3/5/2017 21:18,-8.857,38.955,-1,123424-2017
221,3/7/2017 4:44,-8.86,38.949,-1,123424-2017
222,3/7/2017 5:38,-8.851,38.95,-1,123424-2017
223,3/7/2017 6:24,-8.851,38.955,-1,123424-2017
224,3/7/2017 6:37,-8.855,38.948,-1,123424-2017
225,3/7/2017 6:43,-8.856,38.948,-1,123424-2017
226,3/7/2017 7:20,-8.855,38.954,-1,123424-2017
227,3/7/2017 10:11,-8.851,38.947,-1,123424-2017
228,3/7/2017 10:56,-8.854,38.947,-1,123424-2017
229,3/8/2017 15:59,-8.85,38.95,-1,123424-2017
230,3/8/2017 17:55,-8.851,38.95,-1,123424-2017
231,3/8/2017 19:01,-8.861,38.946,-1,123424-2017
232,3/8/2017 19:14,-8.86,38.945,-1,123424-2017
233,3/8/2017 19:39,-8.852,38.958,-1,123424-2017
234,3/9/2017 20:09,-8.857,38.953,-1,123424-2017
235,3/9/2017 21:36,-8.852,38.955,-1,123424-2017
236,3/11/2017 5:00,-3.089,43.864,5,123424-2017
237,3/11/2017 5:14,-3.604,44.007,5,123424-2017
238,3/11/2017 5:37,-3.503,44.23,5,123424-2017
239,3/11/2017 6:34,-3.142,44.776,5,123424-2017
240,3/11/2017 6:55,-3.162,45.029,5,123424-2017
241,3/11/2017 7:54,-3.113,45.071,5,123424-2017
242,3/11/2017 8:13,-3.115,45.892,5,123424-2017
243,3/11/2017 9:12,-2.72,46.404,5,123424-2017
244,3/11/2017 9:32,-2.371,46.43,-1,123424-2017
245,3/11/2017 9:52,-2.166,46.783,-1,123424-2017
246,3/11/2017 10:20,-1.77,46.745,-1,123424-2017
247,3/11/2017 10:52,-1.782,46.741,-1,123424-2017
248,3/11/2017 11:14,-1.787,46.552,-1,123424-2017
249,3/12/2017 11:52,-0.778,45.918,-1,123424-2017
250,3/12/2017 13:35,-0.486,46.066,-1,123424-2017
251,3/12/2017 15:15,-0.827,45.998,-1,123424-2017
252,3/12/2017 16:55,-0.779,46.044,-1,123424-2017
253,3/12/2017 17:09,-0.797,45.997,-1,123424-2017
254,3/12/2017 17:34,-0.801,45.998,-1,123424-2017
255,3/12/2017 18:34,-0.838,46.006,-1,123424-2017
256,3/12/2017 18:52,-0.82,45.977,-1,123424-2017
257,3/13/2017 19:42,-0.821,45.998,-1,123424-2017
258,3/13/2017 20:12,-0.824,45.993,-1,123424-2017
259,3/13/2017 21:08,-0.83,45.996,-1,123424-2017
260,3/13/2017 21:53,-0.804,45.988,-1,123424-2017
261,3/15/2017 3:11,1.129,48.819,-1,123424-2017
262,3/15/2017 4:49,1.47,48.976,-1,123424-2017
263,3/15/2017 4:50,2.308,48.945,-1,123424-2017
264,3/15/2017 4:59,2.308,48.945,-1,123424-2017
265,3/15/2017 6:29,3.662,48.776,-1,123424-2017
266,3/15/2017 6:35,3.774,48.799,-1,123424-2017
267,3/15/2017 6:44,3.868,48.707,-1,123424-2017
268,3/15/2017 8:07,4.366,48.534,-1,123424-2017
269,3/15/2017 8:11,4.282,48.524,-1,123424-2017
270,3/15/2017 8:58,4.536,48.586,-1,123424-2017
271,3/15/2017 9:50,4.245,48.529,-1,123424-2017
272,3/16/2017 9:54,3.817,51.235,-1,123424-2017
273,3/16/2017 10:18,3.816,51.237,-1,123424-2017
274,3/16/2017 11:10,3.815,51.237,-1,123424-2017
275,3/16/2017 14:27,3.813,51.239,-1,123424-2017
276,3/16/2017 16:13,3.818,51.237,-1,123424-2017
277,3/16/2017 17:34,3.81,51.239,-1,123424-2017
278,3/17/2017 17:39,4.683,51.648,-1,123424-2017
279,3/17/2017 17:52,4.709,51.629,-1,123424-2017
280,3/17/2017 18:56,4.722,51.633,-1,123424-2017
281,3/17/2017 19:17,4.707,51.634,-1,123424-2017
282,3/17/2017 19:36,4.706,51.647,-1,123424-2017
283,3/17/2017 19:44,4.711,51.642,-1,123424-2017
284,3/17/2017 20:34,4.712,51.642,-1,123424-2017
285,3/17/2017 22:15,4.712,51.638,-1,123424-2017
286,3/19/2017 4:03,4.707,51.636,-1,123424-2017
287,3/19/2017 4:30,4.706,51.636,-1,123424-2017
288,3/19/2017 5:42,4.712,51.638,-1,123424-2017
289,3/19/2017 6:09,4.708,51.634,-1,123424-2017
290,3/19/2017 6:37,4.698,51.638,-1,123424-2017
291,3/19/2017 7:39,4.702,51.636,-1,123424-2017
292,3/19/2017 8:12,4.703,51.631,-1,123424-2017
293,3/20/2017 9:44,4.713,51.636,-1,123424-2017
294,3/20/2017 11:27,4.72,51.636,-1,123424-2017
295,3/20/2017 13:44,4.707,51.636,-1,123424-2017
296,3/20/2017 15:54,4.708,51.636,-1,123424-2017
297,3/21/2017 17:07,5.435,52.929,-1,123424-2017
298,3/21/2017 17:09,5.443,52.931,-1,123424-2017
299,3/21/2017 18:50,5.438,52.932,-1,123424-2017
300,3/21/2017 18:52,5.432,52.929,-1,123424-2017
301,3/21/2017 19:10,5.431,52.931,-1,123424-2017
302,3/21/2017 20:04,5.436,52.927,-1,123424-2017
303,3/21/2017 20:30,5.44,52.929,-1,123424-2017
304,3/21/2017 20:53,5.438,52.93,-1,123424-2017
305,3/21/2017 22:33,5.436,52.927,-1,123424-2017
306,3/23/2017 3:21,5.432,52.928,-1,123424-2017
307,3/23/2017 4:04,5.438,52.929,-1,123424-2017
308,3/23/2017 4:58,5.441,52.932,-1,123424-2017
309,3/23/2017 5:42,5.428,52.931,-1,123424-2017
310,3/23/2017 6:31,5.382,52.934,-1,123424-2017
311,3/23/2017 6:36,5.387,52.934,-1,123424-2017
312,3/23/2017 6:52,5.447,52.92,-1,123424-2017
313,3/24/2017 6:41,5.428,52.907,-1,123424-2017
314,3/24/2017 6:53,5.421,52.914,-1,123424-2017
315,3/24/2017 7:46,5.435,52.914,-1,123424-2017
316,3/24/2017 8:21,5.427,52.909,-1,123424-2017
317,3/24/2017 9:28,5.266,52.845,2,123424-2017
318,3/24/2017 10:02,5.46,52.905,-1,123424-2017
319,3/24/2017 11:43,5.437,52.912,-1,123424-2017
320,3/24/2017 12:57,5.428,52.906,-1,123424-2017
321,3/25/2017 14:24,5.433,52.908,-1,123424-2017
322,3/25/2017 16:10,5.432,52.883,2,123424-2017
323,3/25/2017 16:16,5.433,52.891,-1,123424-2017
324,3/25/2017 16:46,5.43,52.891,-1,123424-2017
325,3/25/2017 17:10,5.435,52.907,-1,123424-2017
326,3/25/2017 18:01,5.429,52.908,-1,123424-2017
327,3/25/2017 19:29,5.433,52.922,-1,123424-2017
328,3/25/2017 20:07,5.431,52.925,-1,123424-2017
329,3/25/2017 20:21,5.434,52.925,-1,123424-2017
330,3/25/2017 21:10,5.432,52.925,-1,123424-2017
331,3/26/2017 20:43,5.433,52.926,-1,123424-2017
332,3/26/2017 21:12,5.431,52.926,-1,123424-2017
333,3/27/2017 2:32,5.45,52.931,-1,123424-2017
334,3/27/2017 3:38,5.431,52.926,-1,123424-2017
335,3/27/2017 4:15,5.474,52.925,-1,123424-2017
336,3/28/2017 4:02,5.437,52.922,-1,123424-2017
337,3/28/2017 4:49,5.456,52.929,-1,123424-2017
338,3/28/2017 5:43,5.443,52.884,-1,123424-2017
339,3/28/2017 5:56,5.365,52.925,-1,123424-2017
340,3/28/2017 6:07,5.449,52.921,-1,123424-2017
341,3/28/2017 6:30,5.448,52.924,-1,123424-2017
342,3/28/2017 7:35,5.442,52.922,-1,123424-2017
343,3/28/2017 7:45,5.441,52.923,-1,123424-2017
344,3/28/2017 9:33,5.432,52.922,-1,123424-2017
345,3/28/2017 10:18,5.45,52.919,-1,123424-2017
346,3/28/2017 11:11,5.452,52.917,-1,123424-2017
347,3/29/2017 11:38,5.436,52.924,-1,123424-2017
348,3/29/2017 13:41,5.438,52.922,-1,123424-2017
349,3/29/2017 15:27,5.46,52.92,-1,123424-2017
350,3/29/2017 15:30,5.453,52.919,-1,123424-2017
351,3/29/2017 17:11,5.451,52.923,-1,123424-2017
352,3/29/2017 17:16,5.432,52.922,-1,123424-2017
353,3/29/2017 18:01,5.442,52.922,-1,123424-2017
354,3/30/2017 18:25,5.441,52.923,-1,123424-2017
355,3/30/2017 18:45,5.45,52.919,-1,123424-2017
356,3/30/2017 19:12,5.441,52.924,-1,123424-2017
357,3/30/2017 19:25,5.434,52.924,-1,123424-2017
358,3/30/2017 20:51,5.437,52.923,-1,123424-2017
359,3/30/2017 21:05,5.44,52.931,-1,123424-2017
360,4/1/2017 3:13,5.442,52.93,-1,123424-2017
361,4/1/2017 4:24,5.442,52.932,-1,123424-2017
362,4/1/2017 4:55,5.441,52.928,-1,123424-2017
363,4/1/2017 6:04,5.441,52.921,-1,123424-2017
364,4/1/2017 6:09,5.401,52.91,-1,123424-2017
365,4/1/2017 6:48,5.436,52.923,-1,123424-2017
366,4/1/2017 7:46,5.401,52.966,-1,123424-2017
367,4/1/2017 8:30,5.438,52.922,-1,123424-2017
368,4/1/2017 8:56,5.446,52.921,-1,123424-2017
369,4/2/2017 10:00,5.472,52.921,-1,123424-2017
370,4/2/2017 10:16,5.436,52.931,-1,123424-2017
371,4/2/2017 11:05,5.427,52.933,-1,123424-2017
372,4/2/2017 11:56,5.449,52.937,-1,123424-2017
373,4/2/2017 12:56,5.438,52.929,-1,123424-2017
374,4/2/2017 14:36,5.441,52.923,-1,123424-2017
375,4/2/2017 15:31,5.438,52.923,-1,123424-2017
376,4/2/2017 16:29,5.437,52.923,-1,123424-2017
377,4/3/2017 16:18,5.437,52.918,-1,123424-2017
378,4/3/2017 16:45,5.435,52.922,-1,123424-2017
379,4/3/2017 17:07,5.442,52.922,-1,123424-2017
380,4/3/2017 17:59,5.445,52.922,-1,123424-2017
381,4/3/2017 18:22,5.443,52.923,-1,123424-2017
382,4/3/2017 18:47,5.445,52.922,-1,123424-2017
383,4/3/2017 19:39,5.435,52.932,-1,123424-2017
384,4/3/2017 19:43,5.439,52.932,-1,123424-2017
385,4/3/2017 20:26,5.431,52.937,-1,123424-2017
386,4/3/2017 20:37,5.421,52.924,-1,123424-2017
387,4/3/2017 21:23,5.436,52.929,-1,123424-2017
388,4/5/2017 2:30,5.433,52.93,-1,123424-2017
389,4/5/2017 3:59,5.428,52.924,-1,123424-2017
390,4/5/2017 4:10,5.438,52.924,-1,123424-2017
391,4/5/2017 5:39,5.437,52.94,-1,123424-2017
392,4/5/2017 6:01,5.447,52.933,-1,123424-2017
393,4/5/2017 6:12,5.425,52.932,-1,123424-2017
394,4/6/2017 6:47,5.459,52.917,-1,123424-2017
395,4/6/2017 7:24,5.434,52.922,-1,123424-2017
396,4/6/2017 7:32,5.428,52.928,-1,123424-2017
397,4/6/2017 9:45,5.429,52.93,-1,123424-2017
398,4/6/2017 10:35,5.442,52.93,-1,123424-2017
399,4/6/2017 11:29,5.444,52.925,-1,123424-2017
400,4/6/2017 13:48,5.437,52.921,-1,123424-2017
401,4/7/2017 13:39,5.432,52.912,-1,123424-2017
402,4/7/2017 15:02,5.433,52.91,-1,123424-2017
403,4/7/2017 16:46,5.438,52.92,-1,123424-2017
404,4/7/2017 17:11,5.439,52.923,-1,123424-2017
405,4/7/2017 18:21,5.427,52.926,-1,123424-2017
406,4/7/2017 18:53,5.439,52.923,-1,123424-2017
407,4/7/2017 20:00,5.43,52.928,-1,123424-2017
408,4/7/2017 20:51,5.443,52.93,-1,123424-2017
409,4/8/2017 21:20,5.435,52.928,-1,123424-2017
410,4/9/2017 3:23,5.439,52.931,-1,123424-2017
411,4/9/2017 3:35,5.438,52.928,-1,123424-2017
412,4/10/2017 4:44,5.437,52.921,-1,123424-2017
413,4/10/2017 4:54,5.439,52.919,-1,123424-2017
414,4/10/2017 5:44,5.444,52.92,-1,123424-2017
415,4/10/2017 6:22,5.434,52.926,-1,123424-2017
416,4/10/2017 6:44,5.437,52.924,-1,123424-2017
417,4/10/2017 7:25,5.446,52.92,-1,123424-2017
418,4/10/2017 8:26,5.431,52.934,-1,123424-2017
419,4/10/2017 9:10,5.437,52.93,-1,123424-2017
420,4/10/2017 10:05,5.434,52.933,-1,123424-2017
421,4/10/2017 10:49,5.444,52.932,-1,123424-2017
422,4/11/2017 12:10,5.448,52.93,-1,123424-2017
423,4/11/2017 12:52,5.443,52.917,-1,123424-2017
424,4/11/2017 14:32,5.439,52.922,-1,123424-2017
425,4/11/2017 16:16,5.433,52.931,-1,123424-2017
426,4/11/2017 16:25,5.463,52.962,-1,123424-2017
427,4/11/2017 16:45,5.449,52.925,-1,123424-2017
428,4/11/2017 17:56,5.441,52.923,-1,123424-2017
429,4/11/2017 18:04,5.443,52.922,-1,123424-2017
430,4/11/2017 18:27,5.436,52.92,-1,123424-2017
431,4/11/2017 19:28,5.434,52.919,-1,123424-2017
432,4/11/2017 19:37,5.438,52.922,-1,123424-2017
433,4/12/2017 19:06,5.439,52.923,-1,123424-2017
434,4/12/2017 19:36,5.501,53.082,-1,123424-2017
435,4/12/2017 19:57,5.451,52.935,-1,123424-2017
436,4/12/2017 20:48,5.424,52.93,-1,123424-2017
437,4/12/2017 21:36,5.429,52.939,-1,123424-2017
438,4/13/2017 2:41,5.437,52.93,-1,123424-2017
439,4/14/2017 2:28,5.439,52.919,-1,123424-2017
440,4/14/2017 4:06,5.441,52.922,-1,123424-2017
441,4/14/2017 4:18,5.443,52.922,-1,123424-2017
442,4/14/2017 5:42,5.446,52.919,-1,123424-2017
443,4/14/2017 5:46,5.44,52.92,-1,123424-2017
444,4/14/2017 5:56,5.44,52.92,-1,123424-2017
445,4/14/2017 5:57,5.442,52.921,-1,123424-2017
446,4/14/2017 7:24,5.443,52.919,-1,123424-2017
447,4/14/2017 7:38,5.448,52.919,-1,123424-2017
448,4/14/2017 9:02,5.448,52.925,-1,123424-2017
449,4/14/2017 9:26,5.436,52.921,-1,123424-2017
450,4/15/2017 9:59,5.46,52.918,-1,123424-2017
451,4/15/2017 10:48,5.437,52.926,-1,123424-2017
452,4/15/2017 12:07,5.436,52.922,-1,123424-2017
453,4/15/2017 13:45,5.446,52.922,-1,123424-2017
454,4/15/2017 15:28,5.448,52.919,-1,123424-2017
455,4/15/2017 16:45,5.446,52.923,-1,123424-2017
456,4/16/2017 16:20,5.438,52.922,-1,123424-2017
457,4/16/2017 17:07,5.451,52.925,-1,123424-2017
458,4/16/2017 18:00,5.445,52.92,-1,123424-2017
459,4/16/2017 18:40,5.441,52.921,-1,123424-2017
460,4/16/2017 18:50,5.444,52.921,-1,123424-2017
461,4/16/2017 19:24,5.436,52.925,-1,123424-2017
462,4/16/2017 20:13,5.464,52.926,-1,123424-2017
463,4/16/2017 20:18,5.463,52.926,-1,123424-2017
464,4/18/2017 3:20,5.438,52.922,-1,123424-2017
465,4/18/2017 3:53,5.443,52.921,-1,123424-2017
466,4/18/2017 5:02,5.443,52.924,-1,123424-2017
467,4/18/2017 5:33,5.437,52.917,-1,123424-2017
468,4/18/2017 5:46,5.442,52.92,-1,123424-2017
469,4/18/2017 6:52,5.444,52.92,-1,123424-2017
470,4/18/2017 7:24,5.443,52.92,-1,123424-2017
471,4/19/2017 7:03,5.431,52.923,-1,123424-2017
472,4/19/2017 8:22,5.431,52.926,-1,123424-2017
473,4/19/2017 8:39,5.433,52.926,-1,123424-2017
474,4/19/2017 9:22,5.44,52.924,-1,123424-2017
475,4/19/2017 10:13,5.445,52.92,-1,123424-2017
476,4/19/2017 11:05,5.406,52.915,-1,123424-2017
477,4/19/2017 13:03,5.445,52.921,-1,123424-2017
478,4/19/2017 14:41,5.442,52.921,-1,123424-2017
479,4/20/2017 14:31,5.455,52.922,-1,123424-2017
480,4/20/2017 16:19,5.449,52.921,-1,123424-2017
481,4/20/2017 16:20,5.445,52.919,-1,123424-2017
482,4/20/2017 18:01,5.43,52.919,-1,123424-2017
483,4/20/2017 18:01,5.437,52.923,-1,123424-2017
484,4/20/2017 18:15,5.442,52.924,-1,123424-2017
485,4/20/2017 19:45,5.419,52.927,-1,123424-2017
486,4/20/2017 19:55,5.422,52.928,-1,123424-2017
487,4/20/2017 20:26,5.433,52.931,-1,123424-2017
488,4/22/2017 2:35,5.428,52.924,-1,123424-2017
489,4/22/2017 4:16,5.42,52.924,-1,123424-2017
490,4/22/2017 5:08,5.435,52.92,-1,123424-2017
491,4/23/2017 4:38,5.434,52.928,-1,123424-2017
492,4/23/2017 6:16,5.445,52.919,-1,123424-2017
493,4/23/2017 7:01,5.436,52.923,-1,123424-2017
494,4/23/2017 7:34,5.443,52.923,-1,123424-2017
495,4/23/2017 9:16,5.442,52.932,-1,123424-2017
496,4/23/2017 9:41,5.441,52.921,-1,123424-2017
497,4/23/2017 10:30,5.44,52.92,-1,123424-2017
498,4/24/2017 13:47,5.433,52.922,-1,123424-2017
499,4/24/2017 15:28,5.444,52.921,-1,123424-2017
500,4/24/2017 16:20,5.443,52.92,-1,123424-2017
501,4/24/2017 17:15,5.432,52.918,-1,123424-2017
502,4/24/2017 17:51,5.444,52.923,-1,123424-2017
503,4/24/2017 17:58,5.445,52.923,-1,123424-2017
504,4/24/2017 18:58,5.434,52.923,-1,123424-2017
505,4/25/2017 19:02,5.432,52.926,-1,123424-2017
506,4/25/2017 19:39,5.433,52.925,-1,123424-2017
507,4/25/2017 20:28,5.432,52.922,-1,123424-2017
508,4/26/2017 1:51,5.438,52.938,-1,123424-2017
509,4/27/2017 3:19,5.444,52.922,-1,123424-2017
510,4/27/2017 4:13,5.445,52.922,-1,123424-2017
511,4/27/2017 5:02,5.449,52.921,-1,123424-2017
512,4/27/2017 5:20,5.447,52.923,-1,123424-2017
513,4/27/2017 5:51,5.435,52.924,-1,123424-2017
514,4/27/2017 6:49,5.447,52.917,-1,123424-2017
515,4/27/2017 6:58,5.443,52.923,-1,123424-2017
516,4/27/2017 7:32,5.444,52.921,-1,123424-2017
517,4/27/2017 8:28,5.443,52.921,-1,123424-2017
518,4/27/2017 8:37,5.445,52.925,-1,123424-2017
519,4/27/2017 9:51,5.438,52.919,-1,123424-2017
520,4/28/2017 9:38,5.414,52.921,-1,123424-2017
521,4/28/2017 9:57,5.432,52.92,-1,123424-2017
522,4/28/2017 10:26,5.43,52.922,-1,123424-2017
523,4/28/2017 11:18,5.441,52.925,-1,123424-2017
524,4/28/2017 13:00,5.439,52.921,-1,123424-2017
525,4/28/2017 14:38,5.444,52.921,-1,123424-2017
526,4/28/2017 16:21,5.442,52.921,-1,123424-2017
527,4/28/2017 16:27,5.45,52.921,-1,123424-2017
528,4/29/2017 16:57,5.447,52.931,-1,123424-2017
529,4/29/2017 17:36,5.443,52.92,-1,123424-2017
530,4/29/2017 17:56,5.444,52.921,-1,123424-2017
531,4/29/2017 18:36,5.454,52.92,-1,123424-2017
532,4/29/2017 19:04,5.442,52.923,-1,123424-2017
533,4/29/2017 19:17,5.431,52.923,-1,123424-2017
534,4/29/2017 19:40,5.447,52.924,-1,123424-2017
535,4/29/2017 19:54,5.435,52.919,-1,123424-2017
536,4/29/2017 20:14,5.439,52.922,-1,123424-2017
537,4/29/2017 20:40,5.442,52.922,-1,123424-2017
538,5/1/2017 2:32,5.438,52.929,-1,123424-2017
539,5/1/2017 3:48,5.44,52.922,-1,123424-2017
540,5/1/2017 4:13,5.454,52.923,-1,123424-2017
541,5/1/2017 5:20,5.434,52.907,-1,123424-2017
542,5/1/2017 5:29,5.441,52.923,-1,123424-2017
543,5/1/2017 5:53,5.41,52.906,-1,123424-2017
544,5/1/2017 6:03,5.427,52.912,-1,123424-2017
545,5/1/2017 7:00,5.44,52.924,-1,123424-2017
546,5/1/2017 7:08,5.424,52.924,-1,123424-2017
547,5/1/2017 7:44,5.441,52.92,-1,123424-2017
548,5/2/2017 7:32,5.435,52.921,-1,123424-2017
549,5/2/2017 8:14,5.44,52.922,-1,123424-2017
550,5/2/2017 9:05,5.44,52.917,-1,123424-2017
551,5/2/2017 9:54,5.4,52.926,-1,123424-2017
552,5/2/2017 11:36,5.44,52.922,-1,123424-2017
553,5/2/2017 12:13,5.438,52.961,-1,123424-2017
554,5/2/2017 13:08,5.448,52.919,-1,123424-2017
555,5/2/2017 13:53,5.425,52.917,-1,123424-2017
556,5/3/2017 15:25,5.442,52.919,-1,123424-2017
557,5/3/2017 15:55,5.439,52.921,-1,123424-2017
558,5/3/2017 17:08,5.443,52.921,-1,123424-2017
559,5/3/2017 17:37,5.453,52.917,-1,123424-2017
560,5/3/2017 18:12,5.429,52.922,-1,123424-2017
561,5/3/2017 18:53,5.442,52.921,-1,123424-2017
562,5/3/2017 19:21,5.44,52.921,-1,123424-2017
563,5/3/2017 19:51,5.452,52.916,-1,123424-2017
564,5/3/2017 20:13,5.43,52.919,-1,123424-2017
565,5/3/2017 20:58,5.443,52.922,-1,123424-2017
566,5/5/2017 3:23,5.45,52.935,-1,123424-2017
567,5/5/2017 3:27,5.444,52.921,-1,123424-2017
568,5/5/2017 5:03,5.443,52.92,-1,123424-2017
569,5/5/2017 5:20,5.438,52.92,-1,123424-2017
570,5/6/2017 4:53,5.435,52.922,-1,123424-2017
571,5/6/2017 5:03,5.451,52.928,-1,123424-2017
572,5/6/2017 6:13,5.451,52.922,-1,123424-2017
573,5/6/2017 6:35,5.424,52.924,-1,123424-2017
574,5/6/2017 6:46,5.438,52.919,-1,123424-2017
575,5/6/2017 8:14,5.424,52.914,-1,123424-2017
576,5/6/2017 8:25,5.443,52.918,-1,123424-2017
577,5/6/2017 8:31,5.441,52.919,-1,123424-2017
578,5/6/2017 10:11,5.437,52.92,-1,123424-2017
579,5/6/2017 11:52,5.442,52.916,-1,123424-2017
580,5/7/2017 13:00,5.451,52.922,-1,123424-2017
581,5/7/2017 14:35,5.435,52.919,-1,123424-2017
582,5/7/2017 15:58,5.433,52.917,-1,123424-2017
583,5/7/2017 17:38,5.437,52.919,-1,123424-2017
584,5/7/2017 17:45,5.427,52.925,-1,123424-2017
585,5/7/2017 18:04,5.46,52.935,-1,123424-2017
586,5/7/2017 19:16,5.452,52.935,-1,123424-2017
587,5/7/2017 19:26,5.434,52.919,-1,123424-2017
588,5/7/2017 19:34,5.44,52.92,-1,123424-2017
589,5/8/2017 19:37,5.446,52.92,-1,123424-2017
590,5/8/2017 20:34,5.455,52.926,-1,123424-2017
591,5/8/2017 20:55,5.441,52.929,-1,123424-2017
592,5/9/2017 2:44,5.452,52.929,-1,123424-2017
593,5/10/2017 4:07,5.439,52.93,-1,123424-2017
594,5/10/2017 4:13,5.433,52.931,-1,123424-2017
595,5/10/2017 5:50,5.438,52.918,-1,123424-2017
596,5/10/2017 5:52,5.439,52.918,-1,123424-2017
597,5/10/2017 6:36,5.307,52.944,2,123424-2017
598,5/10/2017 7:37,5.476,52.917,-1,123424-2017
599,5/10/2017 8:49,5.466,52.923,-1,123424-2017
600,5/10/2017 10:28,5.436,52.92,-1,123424-2017
601,5/11/2017 13:26,5.385,52.909,-1,123424-2017
602,5/11/2017 13:51,5.439,52.92,-1,123424-2017
603,5/11/2017 15:33,5.435,52.914,-1,123424-2017
604,5/11/2017 15:55,5.411,52.918,-1,123424-2017
605,5/11/2017 17:19,5.417,52.914,-1,123424-2017
606,5/11/2017 17:22,5.414,52.914,-1,123424-2017
607,5/11/2017 17:35,5.416,52.917,-1,123424-2017
608,5/12/2017 18:31,5.391,52.919,-1,123424-2017
609,5/12/2017 18:49,5.413,52.913,-1,123424-2017
610,5/12/2017 19:36,5.416,52.913,-1,123424-2017
611,5/12/2017 20:10,5.427,52.912,-1,123424-2017
612,5/12/2017 20:28,5.437,52.927,-1,123424-2017
613,5/12/2017 21:11,5.423,52.927,-1,123424-2017
614,5/14/2017 3:24,5.438,52.925,-1,123424-2017
615,5/14/2017 3:43,5.425,52.928,-1,123424-2017
616,5/14/2017 5:07,5.438,52.921,-1,123424-2017
617,5/14/2017 5:24,5.437,52.919,-1,123424-2017
618,5/14/2017 6:34,5.423,52.923,-1,123424-2017
619,5/14/2017 6:52,5.434,52.921,-1,123424-2017
620,5/14/2017 8:32,5.423,52.938,-1,123424-2017
621,5/15/2017 8:45,5.438,52.915,-1,123424-2017
622,5/15/2017 10:02,5.436,52.914,-1,123424-2017
623,5/15/2017 10:26,5.438,52.924,-1,123424-2017
624,5/15/2017 14:19,5.418,52.932,-1,123424-2017
625,5/15/2017 14:45,5.426,52.916,-1,123424-2017
626,5/15/2017 15:57,5.436,52.922,-1,123424-2017
627,5/16/2017 16:18,5.438,52.928,-1,123424-2017
628,5/16/2017 16:20,5.44,52.92,-1,123424-2017
629,5/16/2017 17:11,5.44,52.92,-1,123424-2017
630,5/16/2017 18:00,5.441,52.92,-1,123424-2017
631,5/16/2017 18:07,5.438,52.92,-1,123424-2017
632,5/16/2017 18:16,5.438,52.92,-1,123424-2017
633,5/16/2017 18:49,5.441,52.919,-1,123424-2017
634,5/16/2017 19:09,5.437,52.926,-1,123424-2017
635,5/16/2017 19:44,5.418,52.92,-1,123424-2017
636,5/16/2017 19:45,5.414,52.915,-1,123424-2017
637,5/16/2017 19:53,5.413,52.914,-1,123424-2017
638,5/16/2017 20:44,5.438,52.932,-1,123424-2017
639,5/16/2017 21:34,5.437,52.93,-1,123424-2017
640,5/18/2017 2:39,5.384,52.879,2,123424-2017
641,5/18/2017 3:21,5.384,52.881,2,123424-2017
642,5/18/2017 4:18,5.337,52.941,2,123424-2017
643,5/18/2017 4:58,5.347,52.915,-1,123424-2017
644,5/18/2017 6:36,5.412,52.925,-1,123424-2017
645,5/18/2017 6:36,5.339,52.92,-1,123424-2017
646,5/19/2017 7:34,5.434,52.921,-1,123424-2017
647,5/19/2017 7:50,5.435,52.924,-1,123424-2017
648,5/19/2017 9:17,5.436,52.925,-1,123424-2017
649,5/19/2017 10:45,5.44,52.92,-1,123424-2017
650,5/19/2017 13:58,5.46,52.926,-1,123424-2017
651,5/20/2017 15:32,5.435,52.914,-1,123424-2017
652,5/20/2017 17:11,5.444,52.921,-1,123424-2017
653,5/20/2017 17:14,5.43,52.918,-1,123424-2017
654,5/20/2017 17:41,5.447,52.925,-1,123424-2017
655,5/20/2017 18:50,5.439,52.925,-1,123424-2017
656,5/20/2017 18:55,5.441,52.921,-1,123424-2017
657,5/20/2017 19:20,5.442,52.919,-1,123424-2017
658,5/20/2017 20:09,5.439,52.919,-1,123424-2017
659,5/20/2017 20:58,5.438,52.925,-1,123424-2017
660,5/20/2017 21:46,5.43,52.928,-1,123424-2017
661,5/22/2017 3:33,5.448,52.917,-1,123424-2017
662,5/22/2017 4:32,5.44,52.923,-1,123424-2017
663,5/22/2017 5:16,5.44,52.928,-1,123424-2017
664,5/23/2017 5:43,5.442,52.919,-1,123424-2017
665,5/23/2017 7:50,5.439,52.92,-1,123424-2017
666,5/23/2017 8:28,5.439,52.921,-1,123424-2017
667,5/23/2017 11:03,5.451,52.918,-1,123424-2017
668,5/23/2017 12:38,5.451,52.917,-1,123424-2017
669,5/24/2017 13:08,5.443,52.925,-1,123424-2017
670,5/24/2017 16:29,5.443,52.919,-1,123424-2017
671,5/24/2017 17:12,5.421,52.916,-1,123424-2017
672,5/24/2017 17:17,5.437,52.919,-1,123424-2017
673,5/24/2017 18:08,5.433,52.919,-1,123424-2017
674,5/24/2017 18:48,5.418,52.932,-1,123424-2017
675,5/24/2017 18:56,5.442,52.919,-1,123424-2017
676,5/24/2017 19:40,5.417,52.922,-1,123424-2017
677,5/24/2017 19:54,5.414,52.922,-1,123424-2017
678,5/24/2017 20:28,5.427,52.922,-1,123424-2017
679,5/24/2017 20:35,5.429,52.922,-1,123424-2017
680,5/25/2017 20:59,5.459,52.931,-1,123424-2017
681,5/25/2017 21:47,5.477,52.909,-1,123424-2017
682,5/26/2017 2:47,5.421,52.896,-1,123424-2017
683,5/26/2017 4:09,5.438,52.92,-1,123424-2017
684,5/27/2017 4:16,5.44,52.92,-1,123424-2017
685,5/27/2017 5:19,5.433,52.906,-1,123424-2017
686,5/27/2017 6:08,5.434,52.921,-1,123424-2017
687,5/27/2017 9:36,5.432,52.923,-1,123424-2017
688,5/27/2017 11:18,5.432,52.92,-1,123424-2017
689,5/28/2017 17:12,5.464,52.908,-1,123424-2017
690,5/28/2017 17:23,5.511,52.919,-1,123424-2017
691,5/28/2017 18:32,5.461,52.913,-1,123424-2017
692,5/28/2017 18:49,5.468,52.907,-1,123424-2017
693,5/28/2017 19:04,5.466,52.911,-1,123424-2017
694,5/29/2017 19:41,5.437,52.92,-1,123424-2017
695,5/29/2017 20:25,5.501,52.914,-1,123424-2017
696,5/29/2017 21:17,5.524,52.914,-1,123424-2017
697,5/31/2017 3:30,5.448,52.918,-1,123424-2017
698,5/31/2017 4:52,5.483,52.927,-1,123424-2017
699,5/31/2017 5:09,5.437,52.919,-1,123424-2017
700,5/31/2017 6:10,5.436,52.921,-1,123424-2017
701,5/31/2017 6:31,5.435,52.908,-1,123424-2017
702,5/31/2017 6:56,5.448,52.913,-1,123424-2017
703,5/31/2017 7:50,5.434,52.923,-1,123424-2017
704,5/31/2017 8:38,5.441,52.903,-1,123424-2017
705,5/31/2017 9:55,5.457,52.918,-1,123424-2017
706,6/1/2017 11:15,5.425,52.954,-1,123424-2017
707,6/1/2017 13:12,5.436,52.957,-1,123424-2017
708,6/1/2017 14:54,5.43,52.921,-1,123424-2017
709,6/1/2017 15:31,5.434,52.926,-1,123424-2017
710,6/1/2017 16:28,5.431,52.919,-1,123424-2017
711,6/1/2017 17:12,5.446,52.928,-1,123424-2017
712,6/1/2017 18:08,5.432,52.922,-1,123424-2017
713,6/1/2017 18:15,5.441,52.921,-1,123424-2017
714,6/2/2017 19:15,5.437,52.921,-1,123424-2017
715,6/2/2017 19:55,5.442,52.923,-1,123424-2017
716,6/2/2017 21:33,5.489,52.914,-1,123424-2017
717,6/2/2017 22:22,5.476,52.908,-1,123424-2017
718,6/4/2017 2:43,5.5,52.91,-1,123424-2017
719,6/4/2017 4:26,5.508,52.914,-1,123424-2017
720,6/4/2017 4:28,5.514,52.916,-1,123424-2017
721,6/4/2017 6:06,5.523,52.912,-1,123424-2017
722,6/4/2017 6:09,5.511,52.916,-1,123424-2017
723,6/4/2017 6:10,5.511,52.915,-1,123424-2017
724,6/4/2017 6:10,5.511,52.915,-1,123424-2017
725,6/4/2017 7:48,5.511,52.915,-1,123424-2017
726,6/4/2017 7:48,5.513,52.915,-1,123424-2017
727,6/4/2017 9:23,5.521,52.912,-1,123424-2017
728,6/4/2017 9:30,5.482,52.91,-1,123424-2017
729,6/5/2017 9:21,5.506,52.955,2,123424-2017
730,6/5/2017 9:49,5.422,52.989,-1,123424-2017
731,6/5/2017 10:44,5.415,52.988,-1,123424-2017
732,6/5/2017 11:33,5.422,52.979,-1,123424-2017
733,6/5/2017 14:05,5.425,52.986,-1,123424-2017
734,6/5/2017 15:47,5.437,52.934,-1,123424-2017
735,6/5/2017 16:03,5.439,52.926,-1,123424-2017
736,6/5/2017 17:10,5.509,52.913,-1,123424-2017
737,6/6/2017 16:48,5.48,52.911,-1,123424-2017
738,6/6/2017 17:18,5.495,52.913,-1,123424-2017
739,6/6/2017 18:25,5.495,52.913,-1,123424-2017
740,6/6/2017 18:50,5.498,52.911,-1,123424-2017
741,6/6/2017 19:00,5.5,52.916,-1,123424-2017
742,6/6/2017 19:20,5.501,52.916,-1,123424-2017
743,6/6/2017 20:30,5.48,52.911,-1,123424-2017
744,6/6/2017 20:54,5.475,52.912,-1,123424-2017
745,6/6/2017 22:40,5.493,52.897,-1,123424-2017
746,6/8/2017 3:41,5.426,52.925,-1,123424-2017
747,6/8/2017 4:03,5.513,52.909,-1,123424-2017
748,6/8/2017 5:43,5.508,52.906,-1,123424-2017
749,6/8/2017 6:11,5.511,52.912,-1,123424-2017
750,6/8/2017 7:04,5.512,52.91,-1,123424-2017
751,6/8/2017 7:50,5.513,52.909,-1,123424-2017
752,6/9/2017 7:25,5.506,52.911,-1,123424-2017
753,6/9/2017 8:33,5.509,52.909,-1,123424-2017
754,6/9/2017 10:08,5.503,52.919,-1,123424-2017
755,6/9/2017 11:04,5.514,52.915,-1,123424-2017
756,6/9/2017 13:19,5.503,52.905,-1,123424-2017
757,6/9/2017 15:00,5.515,52.909,-1,123424-2017
758,6/10/2017 14:52,5.511,52.91,-1,123424-2017
759,6/10/2017 16:32,5.516,52.903,-1,123424-2017
760,6/10/2017 16:45,5.499,52.886,-1,123424-2017
761,6/10/2017 16:46,5.394,52.873,2,123424-2017
762,6/10/2017 18:11,5.385,52.872,2,123424-2017
763,6/10/2017 18:27,5.405,52.868,2,123424-2017
764,6/10/2017 18:28,5.381,52.875,2,123424-2017
765,6/10/2017 19:35,5.387,52.874,2,123424-2017
766,6/10/2017 19:56,5.385,52.875,2,123424-2017
767,6/10/2017 20:05,5.383,52.872,2,123424-2017
768,6/10/2017 20:30,5.386,52.872,2,123424-2017
769,6/10/2017 21:15,5.389,52.872,2,123424-2017
770,6/11/2017 22:37,5.391,52.884,2,123424-2017
771,6/12/2017 2:53,5.373,52.876,2,123424-2017
772,6/12/2017 3:39,5.379,52.869,2,123424-2017
773,6/12/2017 4:38,5.377,52.871,2,123424-2017
774,6/12/2017 5:18,5.511,52.914,-1,123424-2017
775,6/13/2017 5:46,5.576,52.919,2,123424-2017
776,6/13/2017 7:23,5.589,52.917,2,123424-2017
777,6/13/2017 7:45,5.581,52.918,2,123424-2017
778,6/13/2017 8:44,5.579,52.926,2,123424-2017
779,6/13/2017 9:40,5.585,52.927,2,123424-2017
780,6/13/2017 10:18,5.372,52.968,2,123424-2017
781,6/13/2017 11:14,5.359,52.966,2,123424-2017
782,6/13/2017 12:06,5.412,52.98,-1,123424-2017
783,6/13/2017 12:38,5.426,52.985,-1,123424-2017
784,6/14/2017 14:04,5.392,53.003,2,123424-2017
785,6/14/2017 15:13,5.412,53.012,2,123424-2017
786,6/14/2017 15:47,5.472,52.914,-1,123424-2017
787,6/14/2017 16:45,5.391,53.078,-1,123424-2017
788,6/14/2017 17:28,5.472,53.099,-1,123424-2017
789,6/14/2017 17:57,5.792,52.882,2,123424-2017
790,6/14/2017 18:29,5.577,52.922,2,123424-2017
791,6/14/2017 19:07,5.524,52.937,2,123424-2017
792,6/14/2017 19:09,5.551,52.914,-1,123424-2017
793,6/14/2017 19:43,5.549,52.915,-1,123424-2017
794,6/14/2017 19:51,5.544,52.911,-1,123424-2017
795,6/15/2017 20:28,5.466,52.937,-1,123424-2017
796,6/15/2017 20:47,5.458,52.932,-1,123424-2017
797,6/15/2017 21:08,5.447,52.931,-1,123424-2017
798,6/16/2017 2:07,5.445,52.942,-1,123424-2017
799,6/16/2017 3:13,5.443,52.938,-1,123424-2017
800,6/16/2017 3:48,5.407,52.923,-1,123424-2017
801,6/17/2017 3:43,5.399,52.913,-1,123424-2017
802,6/17/2017 4:23,5.429,52.919,-1,123424-2017
803,6/17/2017 5:19,5.426,52.923,-1,123424-2017
804,6/17/2017 5:46,5.425,52.918,-1,123424-2017
805,6/17/2017 6:02,5.426,52.918,-1,123424-2017
806,6/17/2017 6:59,5.427,52.919,-1,123424-2017
807,6/17/2017 7:24,5.426,52.918,-1,123424-2017
808,6/17/2017 8:42,5.429,52.922,-1,123424-2017
809,6/17/2017 9:01,5.427,52.918,-1,123424-2017
810,6/17/2017 9:53,5.419,52.919,-1,123424-2017
811,6/17/2017 10:44,5.43,52.918,-1,123424-2017
812,6/18/2017 13:17,5.422,52.914,-1,123424-2017
813,6/18/2017 14:58,5.399,52.913,-1,123424-2017
814,6/18/2017 16:38,5.441,52.931,-1,123424-2017
815,6/18/2017 16:47,5.44,52.93,-1,123424-2017
816,6/18/2017 17:38,5.423,52.919,-1,123424-2017
817,6/18/2017 18:17,5.427,52.919,-1,123424-2017
818,6/18/2017 18:26,5.428,52.92,-1,123424-2017
819,6/18/2017 19:15,5.417,52.919,-1,123424-2017
820,6/19/2017 19:48,5.424,52.932,-1,123424-2017
821,6/19/2017 19:49,5.445,52.932,-1,123424-2017
822,6/19/2017 20:26,5.441,52.933,-1,123424-2017
823,6/19/2017 20:44,5.442,52.932,-1,123424-2017
824,6/19/2017 21:28,5.44,52.931,-1,123424-2017
825,6/21/2017 2:50,5.424,52.933,-1,123424-2017
826,6/21/2017 3:58,5.455,52.923,-1,123424-2017
827,6/21/2017 4:32,5.433,52.918,-1,123424-2017
828,6/21/2017 5:38,5.432,52.919,-1,123424-2017
829,6/21/2017 5:45,5.43,52.92,-1,123424-2017
830,6/21/2017 7:20,5.423,52.917,-1,123424-2017
831,6/21/2017 7:24,5.428,52.922,-1,123424-2017
832,6/21/2017 7:52,5.433,52.923,-1,123424-2017
833,6/21/2017 9:04,5.423,52.912,-1,123424-2017
834,6/21/2017 9:19,5.426,52.924,-1,123424-2017
835,6/21/2017 10:16,5.398,52.961,-1,123424-2017
836,6/22/2017 10:37,5.417,53.003,2,123424-2017
837,6/22/2017 12:19,5.416,53.009,2,123424-2017
838,6/22/2017 14:11,5.47,53.019,2,123424-2017
839,6/22/2017 16:45,5.457,52.995,-1,123424-2017
840,6/22/2017 17:11,5.46,52.999,2,123424-2017
841,6/22/2017 17:32,5.452,52.994,-1,123424-2017
842,6/23/2017 17:20,5.454,52.984,-1,123424-2017
843,6/23/2017 18:01,5.468,52.994,2,123424-2017
844,6/23/2017 18:22,5.465,52.994,2,123424-2017
845,6/23/2017 19:02,5.474,52.994,2,123424-2017
846,6/23/2017 20:01,5.474,52.983,-1,123424-2017
847,6/23/2017 20:05,5.458,52.988,-1,123424-2017
848,6/23/2017 20:58,5.413,53.008,2,123424-2017
849,6/23/2017 21:48,5.409,53.007,2,123424-2017
850,6/25/2017 3:34,5.467,52.995,2,123424-2017
851,6/25/2017 3:46,5.471,52.994,2,123424-2017
852,6/25/2017 5:13,5.47,52.989,2,123424-2017
853,6/25/2017 5:28,5.469,52.986,-1,123424-2017
854,6/25/2017 5:45,5.467,52.99,2,123424-2017
855,6/25/2017 7:07,5.468,52.989,2,123424-2017
856,6/25/2017 7:24,5.458,52.991,-1,123424-2017
857,6/26/2017 8:35,5.573,52.925,2,123424-2017
858,6/26/2017 8:38,5.573,52.919,2,123424-2017
859,6/26/2017 9:15,5.569,52.919,2,123424-2017
860,6/26/2017 10:06,5.578,52.923,2,123424-2017
861,6/26/2017 10:59,5.593,52.915,2,123424-2017
862,6/26/2017 13:26,5.575,52.925,2,123424-2017
863,6/26/2017 15:08,5.585,52.899,2,123424-2017
864,6/26/2017 15:12,5.585,52.899,2,123424-2017
865,6/27/2017 16:24,5.572,52.925,2,123424-2017
866,6/27/2017 16:38,5.573,52.923,2,123424-2017
867,6/27/2017 17:56,5.573,52.924,2,123424-2017
868,6/27/2017 18:05,5.577,52.925,2,123424-2017
869,6/27/2017 18:19,5.571,52.926,-1,123424-2017
870,6/27/2017 18:40,5.571,52.926,-1,123424-2017
871,6/27/2017 19:36,5.51,52.94,-1,123424-2017
872,6/27/2017 19:37,5.509,52.951,-1,123424-2017
873,6/27/2017 19:43,5.516,53.089,-1,123424-2017
874,6/27/2017 20:23,5.562,53.003,-1,123424-2017
875,6/29/2017 3:03,5.385,53.003,-1,123424-2017
876,6/29/2017 4:41,5.476,52.998,-1,123424-2017
877,6/29/2017 4:49,5.471,52.996,-1,123424-2017
878,6/29/2017 5:46,5.477,52.997,-1,123424-2017
879,6/30/2017 5:56,5.456,52.998,-1,123424-2017
880,6/30/2017 6:08,5.456,52.997,-1,123424-2017
881,6/30/2017 6:11,5.474,52.996,-1,123424-2017
882,6/30/2017 7:02,5.47,52.993,-1,123424-2017
883,6/30/2017 7:48,5.471,52.993,-1,123424-2017
884,6/30/2017 7:56,5.473,52.994,-1,123424-2017
885,6/30/2017 8:39,5.466,52.993,-1,123424-2017
886,6/30/2017 9:29,5.473,52.989,-1,123424-2017
887,6/30/2017 9:33,5.468,52.993,-1,123424-2017
888,6/30/2017 10:22,5.485,52.996,-1,123424-2017
889,6/30/2017 11:15,5.466,52.991,-1,123424-2017
890,6/30/2017 12:44,5.473,52.994,-1,123424-2017
891,7/1/2017 14:13,5.47,52.99,-1,123424-2017
892,7/1/2017 15:53,5.462,52.983,-1,123424-2017
893,7/1/2017 16:21,5.474,53.005,-1,123424-2017
894,7/1/2017 17:35,4.539,52.501,-1,123424-2017
895,7/1/2017 18:00,4.489,51.98,5,123424-2017
896,7/1/2017 19:11,4.217,51.368,5,123424-2017
897,7/1/2017 19:16,4.242,51.402,-1,123424-2017
898,7/1/2017 19:41,3.635,51.255,-1,123424-2017
899,7/1/2017 20:32,3.841,51.255,-1,123424-2017
900,7/2/2017 20:13,-9.404,35.637,5,123424-2017
901,7/2/2017 20:22,-9.421,35.466,5,123424-2017
902,7/2/2017 20:36,-9.903,35.345,5,123424-2017
903,7/2/2017 21:07,-9.839,34.775,5,123424-2017
904,7/2/2017 21:50,-10.745,34.012,5,123424-2017
905,7/2/2017 23:35,-11.122,32.723,5,123424-2017
906,7/4/2017 3:52,-16.45,19.05,-1,123424-2017
907,7/4/2017 5:22,-15.889,18,-1,123424-2017
908,7/4/2017 5:29,-15.862,17.807,-1,123424-2017
909,7/4/2017 7:06,-16.219,16.559,-1,123424-2017
910,7/4/2017 8:48,-15.96,16.662,-1,123424-2017
911,7/4/2017 8:53,-16.163,16.588,-1,123424-2017
912,7/4/2017 9:57,-16.143,16.591,-1,123424-2017
913,7/4/2017 10:51,-16.174,16.592,-1,123424-2017
914,7/5/2017 11:18,-16.171,16.587,-1,123424-2017
915,7/5/2017 16:36,-16.177,16.582,-1,123424-2017
916,7/5/2017 17:52,-16.198,16.572,-1,123424-2017
917,7/5/2017 18:54,-16.163,16.583,-1,123424-2017
918,7/6/2017 19:04,-16.052,16.323,-1,123424-2017
919,7/6/2017 19:43,-15.817,16.373,-1,123424-2017
920,7/6/2017 20:00,-15.818,16.359,-1,123424-2017
921,7/6/2017 22:06,-15.814,16.375,-1,123424-2017
922,7/6/2017 23:51,-15.693,16.391,-1,123424-2017
923,7/8/2017 4:45,-15.808,16.378,-1,123424-2017
924,7/8/2017 6:35,-15.8,16.378,-1,123424-2017
925,7/8/2017 8:03,-15.815,16.381,-1,123424-2017
926,7/8/2017 8:16,-15.811,16.381,-1,123424-2017
927,7/8/2017 8:48,-15.799,16.382,-1,123424-2017
928,7/8/2017 10:14,-15.803,16.37,-1,123424-2017
929,7/9/2017 10:53,-15.804,16.374,-1,123424-2017
930,7/9/2017 11:36,-15.809,16.38,-1,123424-2017
931,7/9/2017 15:48,-15.798,16.377,-1,123424-2017
932,7/9/2017 17:30,-15.484,16.016,-1,123424-2017
933,7/10/2017 19:02,-15.448,16.034,-1,123424-2017
934,7/10/2017 19:04,-15.775,16.382,-1,123424-2017
935,7/10/2017 19:36,-15.815,16.379,-1,123424-2017
936,7/10/2017 20:37,-15.805,16.376,-1,123424-2017
937,7/10/2017 21:40,-15.821,16.377,-1,123424-2017
938,7/10/2017 22:24,-15.811,16.378,-1,123424-2017
939,7/11/2017 0:06,-15.789,16.362,-1,123424-2017
940,7/12/2017 4:06,-15.809,16.378,-1,123424-2017
941,7/12/2017 5:41,-15.808,16.38,-1,123424-2017
942,7/12/2017 6:13,-15.807,16.376,-1,123424-2017
943,7/12/2017 7:06,-15.806,16.373,-1,123424-2017
944,7/12/2017 7:22,-15.805,16.374,-1,123424-2017
945,7/12/2017 9:01,-15.807,16.375,-1,123424-2017
946,7/13/2017 10:10,-15.812,16.372,-1,123424-2017
947,7/13/2017 11:05,-15.793,16.347,-1,123424-2017
948,7/13/2017 11:50,-15.808,16.369,-1,123424-2017
949,7/13/2017 15:06,-15.813,16.365,-1,123424-2017
950,7/13/2017 16:45,-15.816,16.372,-1,123424-2017
951,7/14/2017 19:05,-17.421,14.746,-1,123424-2017
952,7/14/2017 19:13,-17.423,14.75,-1,123424-2017
953,7/14/2017 19:50,-17.446,14.743,-1,123424-2017
954,7/14/2017 20:58,-17.446,14.74,-1,123424-2017
955,7/14/2017 22:42,-17.415,14.749,-1,123424-2017
956,7/16/2017 4:58,-17.414,14.749,-1,123424-2017
957,7/16/2017 5:46,-17.415,14.75,-1,123424-2017
958,7/16/2017 7:13,-17.417,14.748,-1,123424-2017
959,7/16/2017 7:25,-17.41,14.752,-1,123424-2017
960,7/16/2017 8:13,-17.418,14.748,-1,123424-2017
961,7/17/2017 10:28,-16.785,13.996,-1,123424-2017
962,7/17/2017 12:12,-16.761,13.981,-1,123424-2017
963,7/17/2017 15:58,-16.734,13.999,-1,123424-2017
964,7/17/2017 17:40,-16.725,13.987,-1,123424-2017
965,7/18/2017 17:30,-16.741,13.989,-1,123424-2017
966,7/18/2017 18:55,-16.731,13.995,-1,123424-2017
967,7/18/2017 19:04,-16.734,13.994,-1,123424-2017
968,7/18/2017 19:07,-16.735,13.995,-1,123424-2017
969,7/18/2017 20:45,-16.745,14.088,-1,123424-2017
970,7/18/2017 21:20,-16.747,14.084,-1,123424-2017
971,7/18/2017 22:59,-16.748,14.092,-1,123424-2017
972,7/20/2017 4:11,-16.764,14.121,-1,123424-2017
973,7/20/2017 5:52,-16.744,14.128,-1,123424-2017
974,7/20/2017 7:00,-16.61,14.168,-1,123424-2017
975,7/20/2017 7:06,-16.755,14.172,-1,123424-2017
976,7/20/2017 7:31,-16.756,14.17,-1,123424-2017
977,7/20/2017 8:45,-16.706,14.181,-1,123424-2017
978,7/20/2017 8:48,-16.726,14.137,-1,123424-2017
979,7/20/2017 9:07,-16.728,14.137,-1,123424-2017
980,7/21/2017 8:52,-16.644,14.069,-1,123424-2017
981,7/21/2017 9:05,-16.662,13.874,-1,123424-2017
982,7/21/2017 10:50,-16.681,13.975,-1,123424-2017
983,7/22/2017 16:42,-16.69,13.972,-1,123424-2017
984,7/22/2017 19:05,-16.692,13.972,-1,123424-2017
985,7/22/2017 19:56,-16.711,14.036,-1,123424-2017
986,7/22/2017 20:09,-16.738,14.023,-1,123424-2017
987,7/22/2017 21:35,-16.736,14.085,-1,123424-2017
988,7/22/2017 22:27,-16.751,14.078,-1,123424-2017
989,7/22/2017 23:18,-16.736,14.082,-1,123424-2017
990,7/24/2017 3:28,-16.776,14.127,-1,123424-2017
991,7/24/2017 5:07,-16.773,14.128,-1,123424-2017
992,7/24/2017 6:35,-16.773,14.127,-1,123424-2017
993,7/24/2017 7:15,-16.773,14.127,-1,123424-2017
994,7/25/2017 7:50,-16.757,14.048,-1,123424-2017
995,7/25/2017 8:11,-16.764,14.048,-1,123424-2017
996,7/25/2017 8:26,-16.758,14.049,-1,123424-2017
997,7/25/2017 9:51,-16.767,14.051,-1,123424-2017
998,7/25/2017 10:20,-16.756,14.039,-1,123424-2017
999,7/25/2017 11:02,-16.759,14.045,-1,123424-2017
1000,7/26/2017 15:59,-16.769,14.051,-1,123424-2017
1001,7/26/2017 17:37,-16.766,14.043,-1,123424-2017
1002,7/26/2017 18:04,-16.756,14.055,-1,123424-2017
1003,7/26/2017 19:06,-16.762,14.046,-1,123424-2017
1004,7/26/2017 19:12,-16.764,14.047,-1,123424-2017
1005,7/26/2017 19:44,-16.779,14.03,-1,123424-2017
1006,7/26/2017 20:51,-16.744,14.093,-1,123424-2017
1007,7/26/2017 21:52,-16.745,14.093,-1,123424-2017
1008,7/26/2017 22:46,-16.75,14.092,-1,123424-2017
1009,7/27/2017 23:15,-16.747,14.092,-1,123424-2017
1010,7/28/2017 4:18,-16.744,14.092,-1,123424-2017
1011,7/28/2017 6:10,-16.741,14.092,-1,123424-2017
1012,7/29/2017 6:49,-16.765,14.085,-1,123424-2017
1013,7/29/2017 7:21,-16.904,14.094,-1,123424-2017
1014,7/29/2017 7:23,-16.829,14.051,-1,123424-2017
1015,7/29/2017 8:25,-16.951,14.111,-1,123424-2017
1016,7/29/2017 9:07,-16.759,14.05,-1,123424-2017
1017,7/29/2017 9:43,-16.759,14.055,-1,123424-2017
1018,7/29/2017 10:38,-16.741,14.04,-1,123424-2017
1019,7/29/2017 11:19,-16.756,14.044,-1,123424-2017
1020,7/30/2017 15:15,-16.752,14.057,-1,123424-2017
1021,7/30/2017 16:50,-16.759,14.042,-1,123424-2017
1022,7/30/2017 19:05,-16.774,14.043,-1,123424-2017
1023,7/30/2017 19:14,-16.762,14.045,-1,123424-2017
1024,7/30/2017 20:03,-16.74,14.089,-1,123424-2017
1025,7/30/2017 20:47,-16.737,14.098,-1,123424-2017
1026,7/30/2017 22:10,-16.731,14.09,-1,123424-2017
1027,7/31/2017 22:45,-16.728,14.082,-1,123424-2017
1028,8/1/2017 3:35,-16.727,14.086,-1,123424-2017
1029,8/1/2017 5:15,-16.727,14.084,-1,123424-2017
1030,8/1/2017 5:49,-16.727,14.086,-1,123424-2017
1031,8/2/2017 6:46,-16.724,14.086,-1,123424-2017
1032,8/2/2017 6:57,-16.701,14.09,-1,123424-2017
1033,8/2/2017 8:14,-16.694,14.087,-1,123424-2017
1034,8/2/2017 8:25,-16.714,14.092,-1,123424-2017
1035,8/2/2017 9:57,-16.718,14.087,-1,123424-2017
1036,8/2/2017 10:51,-16.733,14.09,-1,123424-2017
1037,8/2/2017 11:38,-16.711,14.08,-1,123424-2017
1038,8/3/2017 16:04,-16.721,14.086,-1,123424-2017
1039,8/3/2017 18:53,-16.729,14.084,-1,123424-2017
1040,8/3/2017 19:11,-16.726,14.084,-1,123424-2017
1041,8/3/2017 20:33,-16.725,14.083,-1,123424-2017
1042,8/3/2017 21:00,-16.721,14.085,-1,123424-2017
1043,8/4/2017 22:09,-16.724,14.084,-1,123424-2017
1044,8/4/2017 22:58,-16.719,14.086,-1,123424-2017
1045,8/5/2017 4:26,-16.727,14.085,-1,123424-2017
1046,8/6/2017 6:32,-16.744,14.006,-1,123424-2017
1047,8/6/2017 6:48,-16.743,14.005,-1,123424-2017
1048,8/6/2017 7:33,-16.741,14.003,-1,123424-2017
1049,8/6/2017 8:13,-16.74,14.001,-1,123424-2017
1050,8/6/2017 8:24,-16.743,14,-1,123424-2017
1051,8/6/2017 9:18,-16.738,14,-1,123424-2017
1052,8/6/2017 10:15,-16.741,14.005,-1,123424-2017
1053,8/6/2017 11:13,-16.742,14.006,-1,123424-2017
1054,8/7/2017 15:23,-16.746,13.995,-1,123424-2017
1055,8/7/2017 16:59,-16.743,14.002,-1,123424-2017
1056,8/7/2017 18:29,-16.742,14,-1,123424-2017
1057,8/7/2017 19:11,-16.746,14.002,-1,123424-2017
1058,8/7/2017 20:08,-16.733,14.086,-1,123424-2017
1059,8/7/2017 20:15,-16.734,14.062,-1,123424-2017
1060,8/7/2017 21:04,-16.718,14.076,-1,123424-2017
1061,8/8/2017 22:27,-16.722,14.086,-1,123424-2017
1062,8/9/2017 3:43,-16.721,14.085,-1,123424-2017
1063,8/10/2017 6:08,-16.746,13.995,-1,123424-2017
1064,8/10/2017 6:47,-16.74,13.992,-1,123424-2017
1065,8/10/2017 7:45,-16.747,13.997,-1,123424-2017
1066,8/10/2017 8:27,-16.743,13.996,-1,123424-2017
1067,8/10/2017 8:27,-16.742,13.995,-1,123424-2017
1068,8/10/2017 10:31,-16.755,14.002,-1,123424-2017
1069,8/11/2017 16:13,-16.761,13.997,-1,123424-2017
1070,8/11/2017 19:05,-16.76,13.998,-1,123424-2017
1071,8/11/2017 19:25,-16.759,13.997,-1,123424-2017
1072,8/11/2017 19:43,-16.756,13.999,-1,123424-2017
1073,8/11/2017 21:12,-16.756,14.001,-1,123424-2017
1074,8/11/2017 21:22,-16.742,13.991,-1,123424-2017
1075,8/12/2017 21:57,-16.739,13.996,-1,123424-2017
1076,8/12/2017 22:41,-16.74,13.997,-1,123424-2017
1077,8/13/2017 4:38,-16.748,13.997,-1,123424-2017
1078,8/14/2017 7:21,-16.758,13.999,-1,123424-2017
1079,8/14/2017 7:42,-16.761,13.999,-1,123424-2017
1080,8/14/2017 8:24,-16.756,13.999,-1,123424-2017
1081,8/14/2017 9:21,-16.764,13.995,-1,123424-2017
1082,8/14/2017 10:04,-16.756,14,-1,123424-2017
1083,8/14/2017 10:48,-16.781,14.003,-1,123424-2017
1084,8/15/2017 15:27,-16.763,13.989,-1,123424-2017
1085,8/15/2017 18:41,-16.784,13.989,-1,123424-2017
1086,8/15/2017 19:00,-16.747,13.995,-1,123424-2017
1087,8/15/2017 19:15,-16.744,13.995,-1,123424-2017
1088,8/18/2017 8:39,-16.768,13.992,-1,123424-2017
1089,8/19/2017 18:55,-16.744,14.006,-1,123424-2017
1090,8/19/2017 19:10,-16.756,14.005,-1,123424-2017
1091,8/19/2017 19:35,-16.745,14.006,-1,123424-2017
1092,8/21/2017 10:06,-16.764,13.995,-1,123424-2017
1093,8/22/2017 11:30,-16.749,13.993,-1,123424-2017
1094,8/22/2017 15:47,-16.775,13.984,-1,123424-2017
1095,8/22/2017 17:30,-16.751,13.998,-1,123424-2017
1096,8/23/2017 19:05,-16.758,13.999,-1,123424-2017
1097,8/23/2017 20:11,-16.739,13.994,-1,123424-2017
1098,8/23/2017 20:29,-16.74,13.995,-1,123424-2017
1099,8/23/2017 22:12,-16.745,14,-1,123424-2017
1100,8/25/2017 3:58,-16.723,14.084,-1,123424-2017
1101,8/25/2017 5:42,-16.721,14.084,-1,123424-2017
1102,8/25/2017 8:54,-16.758,14.045,-1,123424-2017
1103,8/29/2017 6:15,-16.741,13.996,-1,123424-2017
1104,8/29/2017 7:15,-16.756,14.002,-1,123424-2017
1105,8/29/2017 7:54,-16.752,14.002,-1,123424-2017
1106,8/29/2017 8:04,-16.753,14.006,-1,123424-2017
1107,8/29/2017 11:41,-16.767,14.004,-1,123424-2017
1108,8/30/2017 15:55,-16.753,13.999,-1,123424-2017
1109,8/31/2017 22:49,-16.742,13.994,-1,123424-2017
1110,9/2/2017 7:30,-16.716,13.998,-1,123424-2017
1111,9/2/2017 8:49,-16.747,14.047,-1,123424-2017
1112,9/3/2017 16:52,-16.759,14.047,-1,123424-2017
1113,9/3/2017 19:26,-16.746,14.069,-1,123424-2017
1114,9/3/2017 19:31,-16.748,14.07,-1,123424-2017
1115,9/6/2017 10:33,-16.774,14.009,-1,123424-2017
1116,9/6/2017 11:14,-16.738,14.006,-1,123424-2017
1117,9/7/2017 19:02,-16.74,14.011,-1,123424-2017
1118,9/7/2017 19:28,-16.724,14.015,-1,123424-2017
1119,9/7/2017 20:55,-16.734,14.013,-1,123424-2017
1120,9/10/2017 19:57,-16.739,13.994,-1,123424-2017
1121,9/11/2017 22:20,-16.738,13.995,-1,123424-2017
1122,9/13/2017 6:44,-16.74,13.997,-1,123424-2017
1123,9/14/2017 16:22,-16.684,14.015,-1,123424-2017
1124,9/17/2017 9:27,-16.728,14,-1,123424-2017
1125,9/17/2017 10:47,-16.763,13.995,-1,123424-2017
1126,9/17/2017 15:50,-16.749,14.001,-1,123424-2017
1127,9/18/2017 17:20,-16.735,14.004,-1,123424-2017
1128,9/18/2017 19:54,-16.735,13.999,-1,123424-2017
1129,9/18/2017 20:00,-16.732,14.002,-1,123424-2017
1130,9/18/2017 20:27,-16.734,14,-1,123424-2017
1131,9/20/2017 4:01,-16.735,14,-1,123424-2017
1132,9/21/2017 11:03,-16.768,13.993,-1,123424-2017
1133,9/22/2017 19:33,-16.779,14.002,-1,123424-2017
1134,9/22/2017 19:40,-16.745,13.994,-1,123424-2017
1135,9/22/2017 19:54,-16.749,13.995,-1,123424-2017
1136,9/26/2017 22:09,-16.742,13.994,-1,123424-2017
1137,9/28/2017 7:20,-16.757,13.999,-1,123424-2017
1138,9/28/2017 7:59,-16.766,13.998,-1,123424-2017
1139,10/6/2017 10:53,-16.767,13.999,-1,123424-2017
1140,10/7/2017 20:04,-16.732,13.996,-1,123424-2017
1141,10/7/2017 20:11,-16.742,13.997,-1,123424-2017
1142,10/7/2017 20:21,-16.741,13.997,-1,123424-2017
1143,10/11/2017 21:59,-16.742,13.995,-1,123424-2017
1144,10/13/2017 6:46,-16.74,13.995,-1,123424-2017
1145,10/14/2017 15:41,-16.769,13.997,-1,123424-2017
1146,10/14/2017 17:25,-16.767,13.999,-1,123424-2017
1147,10/17/2017 8:41,-16.764,13.999,-1,123424-2017
1148,10/17/2017 10:25,-16.767,14.001,-1,123424-2017
1149,10/18/2017 19:08,-16.767,13.99,-1,123424-2017
1150,10/18/2017 19:22,-16.771,14.007,-1,123424-2017
1151,10/18/2017 19:44,-16.735,13.999,-1,123424-2017
1152,10/20/2017 4:56,-16.735,14.001,-1,123424-2017
1153,10/21/2017 10:42,-16.761,14,-1,123424-2017
1154,10/21/2017 12:24,-16.75,13.999,-1,123424-2017
1155,10/22/2017 20:36,-16.741,13.994,-1,123424-2017
1156,10/22/2017 21:30,-16.74,13.996,-1,123424-2017
1157,10/22/2017 22:25,-16.738,13.996,-1,123424-2017
1158,10/24/2017 4:14,-16.528,14.245,-1,123424-2017
1159,10/25/2017 16:56,-16.05,16.269,-1,123424-2017
1160,10/25/2017 19:05,-16.053,16.267,-1,123424-2017
1161,10/26/2017 21:46,-16.049,16.268,-1,123424-2017
1162,10/26/2017 23:29,-16.051,16.275,-1,123424-2017
1163,10/28/2017 5:13,-16.04,16.267,-1,123424-2017
1164,10/28/2017 6:43,-16.049,16.267,-1,123424-2017
1165,10/28/2017 7:13,-16.05,16.267,-1,123424-2017
1166,10/28/2017 8:08,-16.041,16.234,-1,123424-2017
1167,10/28/2017 9:56,-16.029,16.239,-1,123424-2017
1168,10/28/2017 10:53,-16.016,16.232,-1,123424-2017
1169,10/28/2017 11:35,-16.039,16.241,-1,123424-2017
1170,10/29/2017 16:11,-16.031,16.239,-1,123424-2017
1171,10/29/2017 17:56,-16.056,16.249,-1,123424-2017
1172,10/29/2017 18:40,-16.057,16.277,-1,123424-2017
1173,10/29/2017 19:15,-16.047,16.271,-1,123424-2017
1174,10/29/2017 19:29,-16.048,16.268,-1,123424-2017
1175,11/1/2017 7:10,-15.755,16.348,-1,123424-2017
1176,11/1/2017 8:48,-15.796,16.427,-1,123424-2017
1177,11/1/2017 9:06,-15.811,16.419,-1,123424-2017
1178,11/2/2017 17:04,-15.808,16.421,-1,123424-2017
1179,11/2/2017 18:16,-15.811,16.424,-1,123424-2017
1180,11/2/2017 19:30,-15.81,16.422,-1,123424-2017
1181,11/2/2017 19:52,-15.804,16.422,-1,123424-2017
1182,11/5/2017 10:32,-15.808,16.422,-1,123424-2017
1183,11/6/2017 19:23,-15.808,16.425,-1,123424-2017
1184,11/6/2017 19:30,-15.808,16.423,-1,123424-2017
1185,11/6/2017 19:33,-15.81,16.423,-1,123424-2017
1186,11/8/2017 4:41,-15.822,16.428,-1,123424-2017
